nniMoves,edgeheights,constraintdists,estdists
0.5,29.0,24,26
0.5,40.0,24,32
0.5,52.0,34,42
0.5,43.0,26,28
0.5,42.0,22,24
0.5,62.0,36,46
0.5,60.0,34,42
0.5,46.0,30,30
0.5,40.0,22,26
0.5,50.0,30,32
0.5,41.0,26,36
0.5,43.0,30,42
0.5,41.0,26,32
0.5,44.0,26,38
0.5,47.0,30,42
0.5,49.0,30,34
0.5,37.0,22,28
0.5,26.0,16,20
0.5,47.0,28,42
0.5,35.0,20,26
0.5,35.0,18,26
0.5,64.0,36,46
0.5,39.0,24,28
0.5,25.0,22,30
0.5,54.0,30,36
0.5,57.0,38,50
0.5,41.0,28,36
0.5,31.0,18,24
0.5,30.0,18,28
0.5,36.0,26,28
0.5,35.0,20,36
0.5,23.0,18,24
0.5,49.0,32,40
0.5,50.0,34,42
0.5,39.0,22,22
0.5,43.0,26,30
0.5,42.0,24,28
0.5,44.0,28,34
0.5,53.0,34,42
0.5,36.0,22,22
0.5,45.0,26,36
0.5,41.0,20,34
0.5,48.0,32,32
0.5,47.0,30,36
0.5,25.0,22,22
0.5,50.0,30,40
0.5,31.0,24,32
0.5,47.0,24,34
0.5,42.0,24,34
0.5,40.0,26,36
0.5,44.0,26,34
0.5,38.0,28,38
0.5,49.0,26,34
0.5,38.0,28,38
0.5,23.0,18,22
0.5,37.0,22,26
0.5,29.0,20,20
0.5,22.0,18,30
0.5,42.0,20,24
0.5,42.0,26,34
0.5,45.0,20,30
0.5,46.0,28,36
0.5,50.0,28,32
0.5,41.0,24,26
0.5,47.0,30,30
0.5,33.0,22,22
0.5,50.0,26,44
0.5,38.0,22,24
0.5,28.0,16,20
0.5,40.0,28,34
0.5,51.0,30,34
0.5,50.0,24,34
0.5,43.0,26,28
0.5,35.0,20,30
0.5,50.0,26,34
0.5,37.0,24,32
0.5,40.0,28,40
0.5,42.0,26,36
0.5,53.0,30,42
0.5,29.0,24,26
0.5,41.0,28,38
0.5,38.0,24,28
0.5,22.0,22,28
0.5,55.0,36,42
0.5,35.0,22,26
0.5,42.0,24,38
0.5,27.0,26,30
0.5,49.0,32,40
0.5,55.0,34,38
0.5,27.0,18,22
0.5,31.0,18,22
0.5,55.0,30,42
0.5,37.0,24,34
0.5,21.0,14,14
0.5,46.0,28,36
0.5,31.0,24,28
0.5,48.0,28,32
0.5,29.0,22,24
0.5,48.0,26,38
0.5,51.0,26,30
0.5,54.0,36,44
0.5,38.0,28,40
0.5,60.0,34,38
0.5,57.0,36,44
0.5,26.0,16,18
0.5,37.0,26,28
0.5,32.0,18,20
0.5,41.0,22,30
0.5,52.0,30,40
0.5,32.0,24,30
0.5,40.0,22,30
0.5,28.0,18,18
0.5,51.0,22,30
0.5,48.0,28,34
0.5,32.0,20,26
0.5,52.0,28,34
0.5,33.0,22,26
0.5,60.0,32,44
0.5,26.0,20,26
0.5,50.0,38,42
0.5,45.0,28,38
0.5,43.0,24,24
0.5,53.0,26,28
0.5,54.0,32,34
0.5,28.0,20,24
0.5,50.0,28,36
0.5,30.0,24,34
0.5,41.0,20,24
0.5,50.0,32,32
0.5,40.0,28,34
0.5,26.0,12,16
0.5,42.0,24,24
0.5,44.0,28,32
0.5,35.0,22,28
0.5,50.0,30,40
0.5,47.0,26,30
0.5,35.0,24,32
0.5,38.0,22,36
0.5,67.0,36,42
0.5,38.0,30,30
0.5,48.0,30,36
0.5,40.0,24,34
0.5,48.0,32,38
0.5,19.0,14,16
0.5,43.0,26,38
0.5,41.0,24,26
0.5,31.0,16,22
0.5,57.0,26,40
0.5,54.0,28,36
0.5,39.0,22,26
0.5,32.0,18,28
0.5,39.0,22,26
0.5,36.0,24,26
0.5,27.0,20,28
0.5,57.0,34,44
0.5,37.0,24,30
0.5,35.0,18,18
0.5,40.0,26,38
0.5,41.0,22,38
0.5,42.0,28,28
0.5,25.0,18,20
0.5,30.0,16,20
0.5,40.0,26,32
0.5,49.0,26,30
0.5,38.0,26,32
0.5,35.0,24,28
0.5,32.0,22,28
0.5,49.0,28,30
0.5,49.0,32,38
0.5,66.0,34,52
0.5,50.0,26,28
0.5,42.0,22,26
0.5,45.0,28,34
0.5,38.0,22,22
0.5,41.0,24,26
0.5,46.0,32,38
0.5,17.0,16,22
0.5,40.0,26,26
0.5,33.0,20,24
0.5,31.0,20,22
0.5,55.0,28,40
0.5,42.0,24,30
0.5,37.0,22,32
0.5,58.0,28,40
0.5,59.0,38,46
0.5,33.0,16,22
0.5,31.0,20,28
0.5,57.0,30,38
0.5,39.0,26,26
0.5,15.0,12,12
0.5,42.0,22,30
0.5,45.0,26,36
0.5,38.0,30,34
0.5,21.0,14,14
0.5,56.0,34,34
0.5,56.0,30,38
0.5,38.0,26,28
0.5,26.0,22,28
0.5,21.0,18,22
0.5,55.0,36,44
0.5,45.0,22,28
0.5,52.0,34,42
0.5,27.0,20,24
0.5,50.0,30,44
0.5,38.0,20,28
0.5,59.0,28,38
0.5,55.0,36,40
0.5,41.0,24,28
0.5,40.0,24,28
0.5,49.0,28,32
0.5,32.0,22,34
0.5,25.0,20,22
0.5,48.0,30,34
0.5,57.0,32,36
0.5,43.0,22,38
0.5,55.0,26,28
0.5,43.0,26,38
0.5,30.0,20,28
0.5,25.0,20,36
0.5,29.0,18,26
0.5,43.0,28,38
0.5,44.0,28,30
0.5,37.0,18,28
0.5,42.0,22,24
0.5,55.0,30,44
0.5,36.0,24,24
0.5,36.0,22,40
0.5,31.0,24,28
0.5,51.0,30,40
0.5,55.0,34,44
0.5,45.0,30,36
0.5,51.0,36,40
0.5,41.0,24,26
0.5,58.0,40,44
0.5,25.0,14,14
0.5,41.0,24,28
0.5,53.0,28,34
0.5,34.0,22,34
0.5,37.0,24,28
0.5,41.0,24,28
0.5,44.0,24,36
0.5,44.0,26,30
0.5,50.0,30,40
0.5,33.0,24,38
0.5,18.0,8,10
0.5,22.0,16,16
0.5,21.0,16,22
0.5,55.0,26,32
0.5,43.0,32,36
0.5,40.0,24,26
0.5,41.0,22,28
0.5,38.0,20,30
0.5,35.0,24,26
0.5,56.0,28,34
0.5,48.0,32,54
0.5,41.0,22,26
0.5,41.0,26,32
0.5,47.0,36,36
0.5,43.0,24,26
0.5,53.0,28,34
0.5,44.0,26,28
0.5,37.0,22,24
0.5,25.0,24,26
0.5,56.0,38,48
0.5,56.0,30,36
0.5,41.0,22,30
0.5,44.0,24,28
0.5,32.0,22,32
0.5,38.0,22,28
0.5,36.0,20,22
0.5,34.0,20,28
0.5,39.0,28,28
0.5,37.0,24,32
0.5,31.0,18,22
0.5,44.0,28,42
0.5,39.0,20,30
0.5,58.0,30,38
0.5,38.0,26,32
0.5,48.0,26,36
0.5,56.0,38,48
0.5,36.0,24,30
0.5,38.0,24,28
0.5,54.0,28,36
0.5,32.0,20,22
0.5,37.0,28,30
0.5,55.0,34,48
0.5,56.0,32,46
0.5,48.0,28,30
0.5,44.0,24,30
0.5,53.0,28,40
0.5,33.0,20,26
0.5,44.0,26,30
0.5,49.0,28,38
0.5,40.0,22,30
0.5,39.0,26,28
0.5,42.0,28,32
0.5,44.0,30,48
0.5,51.0,24,28
0.5,41.0,22,24
0.5,41.0,24,32
0.5,52.0,28,34
0.5,33.0,20,26
0.5,52.0,34,42
0.5,45.0,26,34
0.5,54.0,36,50
0.5,38.0,26,34
0.5,57.0,28,30
0.5,48.0,28,44
0.5,52.0,28,38
0.5,35.0,26,30
0.5,43.0,30,36
0.5,28.0,24,24
0.5,53.0,34,46
0.5,44.0,30,44
0.5,37.0,18,22
0.5,30.0,22,24
0.5,56.0,34,38
0.5,46.0,26,30
0.5,34.0,24,24
0.5,28.0,24,26
0.5,57.0,30,40
0.5,58.0,28,38
0.5,33.0,20,26
0.5,47.0,28,34
0.5,46.0,24,26
0.5,49.0,28,36
0.5,35.0,24,24
0.5,29.0,26,28
0.5,20.0,16,22
0.5,34.0,20,32
0.5,54.0,30,42
0.5,38.0,22,26
0.5,58.0,30,36
0.5,24.0,16,20
0.5,32.0,20,28
0.5,53.0,30,36
0.5,50.0,34,40
0.5,44.0,28,34
0.5,39.0,22,32
0.5,38.0,24,32
0.5,45.0,30,36
0.5,30.0,18,26
0.5,44.0,28,36
0.5,45.0,30,32
0.5,41.0,24,24
0.5,47.0,26,40
0.5,48.0,32,32
0.5,14.0,10,16
0.5,30.0,22,28
0.5,31.0,20,22
0.5,34.0,20,22
0.5,41.0,24,32
0.5,25.0,22,24
0.5,36.0,20,24
0.5,36.0,20,24
0.5,47.0,24,24
0.5,54.0,28,32
0.5,45.0,24,24
0.5,36.0,20,28
0.5,51.0,30,46
0.5,26.0,14,22
0.5,30.0,22,32
0.5,49.0,32,40
0.5,58.0,32,44
0.5,33.0,26,30
0.5,44.0,28,34
0.5,50.0,28,34
0.5,42.0,24,36
0.5,55.0,38,48
0.5,47.0,30,46
0.5,43.0,36,42
0.5,50.0,30,34
0.5,47.0,32,38
0.5,21.0,16,18
0.5,22.0,18,28
0.5,48.0,26,26
0.5,31.0,20,26
0.5,46.0,30,44
0.5,44.0,28,32
0.5,43.0,30,42
0.5,41.0,20,28
0.5,45.0,20,22
0.5,31.0,18,26
0.5,55.0,26,36
0.5,51.0,30,34
0.5,34.0,22,30
0.5,26.0,14,14
0.5,25.0,14,14
0.5,47.0,30,42
0.5,35.0,22,26
0.5,38.0,22,30
0.5,38.0,24,34
0.5,50.0,30,36
0.5,44.0,30,30
0.5,49.0,28,40
0.5,65.0,36,42
0.5,40.0,30,36
0.5,45.0,28,38
0.5,39.0,22,26
0.5,24.0,16,16
0.5,34.0,22,24
0.5,50.0,28,34
0.5,48.0,28,32
0.5,32.0,22,36
0.5,50.0,28,28
0.5,48.0,32,46
0.5,41.0,26,36
0.5,46.0,22,28
0.5,44.0,30,34
0.5,46.0,30,30
0.5,51.0,30,38
0.5,41.0,26,28
0.5,45.0,28,44
0.5,48.0,28,34
0.5,42.0,20,22
0.5,43.0,28,28
0.5,38.0,20,26
0.5,45.0,24,28
0.5,54.0,28,32
0.5,23.0,16,22
0.5,48.0,28,36
0.5,36.0,22,30
0.5,43.0,22,22
0.5,35.0,26,28
0.5,47.0,24,36
0.5,40.0,26,34
0.5,32.0,20,26
0.5,25.0,22,22
0.5,45.0,30,32
0.5,45.0,28,34
0.5,34.0,20,22
0.5,42.0,24,40
0.5,31.0,20,22
0.5,44.0,26,28
0.5,55.0,30,48
0.5,32.0,20,24
0.5,38.0,22,28
0.5,58.0,30,32
0.5,32.0,26,26
0.5,52.0,30,38
0.5,54.0,32,44
0.5,36.0,24,32
0.5,44.0,26,32
0.5,37.0,26,32
0.5,41.0,22,26
0.5,40.0,28,36
0.5,40.0,22,28
0.5,35.0,20,24
0.5,33.0,20,26
0.5,54.0,30,36
0.5,50.0,28,42
0.5,20.0,10,14
0.5,33.0,28,28
0.5,26.0,14,14
0.5,53.0,24,36
0.5,55.0,28,36
0.5,49.0,34,40
0.5,52.0,34,42
0.5,39.0,20,22
0.5,30.0,26,28
0.5,43.0,20,26
0.5,45.0,22,32
0.5,54.0,34,34
0.5,47.0,28,42
0.5,40.0,18,32
0.5,39.0,22,26
0.5,30.0,16,16
0.5,53.0,26,40
0.5,40.0,28,30
0.5,36.0,24,30
0.5,50.0,34,42
0.5,59.0,34,52
0.5,24.0,22,26
0.5,35.0,20,20
0.5,50.0,28,36
0.5,53.0,30,44
0.5,53.0,24,28
0.5,46.0,30,36
0.5,36.0,22,26
0.5,29.0,22,26
0.5,50.0,34,50
0.5,56.0,36,40
0.5,57.0,30,38
0.5,23.0,14,14
0.5,45.0,26,26
0.5,36.0,20,22
0.5,64.0,36,40
0.5,48.0,34,44
0.5,53.0,32,40
0.5,39.0,24,34
0.5,56.0,28,38
0.5,41.0,22,24
0.5,24.0,12,14
0.5,57.0,28,48
0.5,32.0,18,22
0.5,64.0,34,40
0.5,55.0,36,46
0.5,32.0,18,22
0.5,40.0,24,44
0.5,55.0,40,50
0.5,28.0,20,20
0.5,46.0,24,30
0.5,44.0,24,34
0.5,46.0,26,32
0.5,49.0,32,32
0.5,44.0,20,26
0.5,51.0,32,40
0.5,49.0,32,36
0.5,30.0,16,24
0.5,51.0,30,38
0.5,41.0,24,28
0.5,22.0,10,10
0.5,34.0,24,32
0.5,36.0,20,26
0.5,54.0,36,52
0.5,36.0,22,22
0.5,39.0,22,28
0.5,36.0,22,24
0.5,41.0,22,28
0.5,35.0,26,32
0.5,42.0,20,30
0.5,26.0,16,18
0.5,33.0,22,22
0.5,40.0,24,26
0.5,44.0,26,36
0.5,48.0,24,30
0.5,37.0,22,30
0.5,29.0,16,18
0.5,43.0,24,28
0.5,42.0,24,32
0.5,62.0,30,32
0.5,49.0,32,46
0.5,36.0,22,26
0.5,41.0,30,32
0.5,51.0,30,36
0.5,39.0,22,24
0.5,24.0,20,26
0.5,44.0,26,32
0.5,35.0,18,20
0.5,41.0,22,22
0.5,33.0,20,24
0.5,45.0,26,30
0.5,45.0,24,40
0.5,44.0,26,32
0.5,42.0,20,22
0.5,35.0,22,26
0.5,43.0,24,28
0.5,43.0,26,36
0.5,42.0,22,30
0.5,44.0,28,42
0.5,27.0,16,24
0.5,32.0,22,30
0.5,40.0,20,26
0.5,49.0,30,42
0.5,23.0,16,20
0.5,46.0,32,36
0.5,50.0,32,32
0.5,24.0,22,26
0.5,46.0,32,42
0.5,45.0,26,36
0.5,30.0,14,20
0.5,36.0,22,28
0.5,36.0,18,20
0.5,39.0,24,24
0.5,45.0,32,32
0.5,46.0,30,42
0.5,34.0,24,36
0.5,44.0,24,30
0.5,39.0,26,30
0.5,58.0,28,34
0.5,48.0,30,38
0.5,28.0,22,30
0.5,44.0,28,44
0.5,36.0,20,22
0.5,52.0,36,40
0.5,30.0,18,22
0.5,49.0,28,30
0.5,46.0,34,38
0.5,31.0,16,22
0.5,48.0,22,24
0.5,44.0,30,36
0.5,36.0,18,32
0.5,48.0,36,40
0.5,48.0,28,30
0.5,39.0,26,32
0.5,45.0,22,36
0.5,37.0,24,28
0.5,17.0,12,16
0.5,39.0,26,26
0.5,52.0,32,36
0.5,64.0,32,40
0.5,34.0,28,28
0.5,39.0,30,36
0.5,58.0,36,36
0.5,34.0,24,28
0.5,45.0,30,40
0.5,31.0,18,24
0.5,44.0,28,32
0.5,46.0,24,24
0.5,30.0,16,24
0.5,43.0,26,32
0.5,35.0,26,34
0.5,39.0,26,28
0.5,50.0,32,46
0.5,41.0,28,38
0.5,42.0,24,32
0.5,41.0,20,24
0.5,41.0,26,34
0.5,38.0,24,26
0.5,37.0,32,36
0.5,41.0,28,32
0.5,43.0,28,36
0.5,24.0,18,24
0.5,46.0,28,32
0.5,39.0,28,30
0.5,32.0,24,28
0.5,40.0,20,24
0.5,47.0,28,34
0.5,41.0,26,32
0.5,42.0,32,34
0.5,56.0,34,38
0.5,70.0,42,58
0.5,41.0,22,26
0.5,55.0,28,30
0.5,31.0,18,22
0.5,43.0,28,30
0.5,32.0,30,32
0.5,53.0,32,48
0.5,45.0,24,28
0.5,62.0,34,42
0.5,45.0,28,30
0.5,33.0,24,28
0.5,45.0,28,34
0.5,49.0,38,46
0.5,37.0,22,34
0.5,29.0,18,18
0.5,42.0,24,26
0.5,50.0,28,30
0.5,31.0,24,28
0.5,56.0,32,34
0.5,45.0,28,40
0.5,40.0,26,36
0.5,29.0,24,26
0.5,25.0,20,30
0.5,34.0,22,28
0.5,46.0,30,36
0.5,31.0,28,32
0.5,41.0,28,36
0.5,32.0,24,26
0.5,45.0,22,40
0.5,37.0,24,30
0.5,42.0,28,32
0.5,47.0,32,38
0.5,49.0,28,36
0.5,41.0,24,26
0.5,41.0,26,30
0.5,27.0,20,24
0.5,42.0,24,32
0.5,40.0,26,32
0.5,46.0,32,42
0.5,48.0,26,34
0.5,27.0,16,20
0.5,43.0,28,34
0.5,47.0,28,36
0.5,23.0,18,22
0.5,36.0,22,26
0.5,45.0,30,38
0.5,45.0,30,40
0.5,59.0,30,50
0.5,52.0,24,40
0.5,35.0,26,34
0.5,41.0,22,44
0.5,31.0,16,22
0.5,31.0,26,34
0.5,43.0,24,30
0.5,29.0,18,30
0.5,41.0,28,34
0.5,44.0,30,40
0.5,33.0,20,24
0.5,37.0,26,30
0.5,35.0,22,24
0.5,43.0,30,42
0.5,44.0,20,22
0.5,52.0,30,32
0.5,46.0,30,38
0.5,33.0,28,34
0.5,32.0,18,20
0.5,52.0,30,40
0.5,54.0,28,34
0.5,54.0,30,42
0.5,38.0,22,24
0.5,16.0,16,16
0.5,22.0,16,16
0.5,47.0,26,40
0.5,32.0,26,32
0.5,56.0,26,38
0.5,44.0,26,30
0.5,40.0,22,36
0.5,45.0,22,30
0.5,35.0,22,30
0.5,19.0,12,14
0.5,37.0,22,34
0.5,41.0,28,34
0.5,36.0,22,30
0.5,47.0,28,36
0.5,41.0,24,30
0.5,43.0,26,30
0.5,42.0,28,34
0.5,32.0,16,24
0.5,36.0,26,28
0.5,42.0,28,30
0.5,45.0,30,36
0.5,46.0,22,30
0.5,32.0,22,24
0.5,56.0,32,36
0.5,52.0,26,38
0.5,57.0,30,40
0.5,29.0,22,28
0.5,58.0,34,36
0.5,57.0,30,40
0.5,43.0,22,34
0.5,42.0,22,22
0.5,55.0,30,42
0.5,57.0,32,40
0.5,17.0,14,16
0.5,42.0,22,28
0.5,34.0,18,24
0.5,42.0,28,30
0.5,39.0,26,40
0.5,49.0,26,30
0.5,43.0,22,28
0.5,58.0,34,48
0.5,41.0,28,28
0.5,38.0,28,32
0.5,46.0,30,32
0.5,46.0,28,36
0.5,41.0,22,26
0.5,30.0,20,22
0.5,48.0,34,44
0.5,44.0,22,32
0.5,35.0,22,32
0.5,35.0,20,28
0.5,57.0,36,48
0.5,39.0,24,24
0.5,51.0,28,30
0.5,27.0,20,30
0.5,39.0,24,24
0.5,43.0,28,38
0.5,29.0,22,24
0.5,28.0,18,22
0.5,39.0,20,32
0.5,56.0,30,36
0.5,42.0,30,30
0.5,42.0,24,24
0.5,32.0,22,28
0.5,53.0,32,38
0.5,51.0,28,28
0.5,11.0,10,14
0.5,29.0,14,28
0.5,45.0,26,30
0.5,28.0,22,22
0.5,33.0,18,24
0.5,23.0,16,26
0.5,43.0,26,42
0.5,33.0,22,24
0.5,54.0,32,44
0.5,59.0,36,44
0.5,22.0,14,18
0.5,37.0,18,22
0.5,45.0,24,32
0.5,46.0,32,42
0.5,37.0,28,30
0.5,44.0,24,32
0.5,33.0,20,24
0.5,37.0,26,26
0.5,40.0,28,36
0.5,46.0,28,36
0.5,50.0,26,36
0.5,72.0,36,46
0.5,41.0,24,28
0.5,30.0,20,22
0.5,43.0,32,38
0.5,45.0,26,36
0.5,39.0,24,26
0.5,45.0,24,34
0.5,44.0,30,36
0.5,40.0,26,32
0.5,35.0,22,22
0.5,50.0,24,26
0.5,48.0,28,38
0.5,53.0,26,32
0.5,47.0,34,42
0.5,35.0,26,30
0.5,37.0,20,34
0.5,51.0,26,30
0.5,54.0,28,40
0.5,28.0,20,24
0.5,36.0,20,24
0.5,57.0,34,36
0.5,30.0,20,22
0.5,41.0,26,28
0.5,30.0,20,24
0.5,61.0,34,38
0.5,56.0,34,54
0.5,54.0,30,38
0.5,52.0,28,40
0.5,30.0,20,26
0.5,53.0,30,46
0.5,28.0,22,22
0.5,35.0,18,26
0.5,50.0,30,38
0.5,31.0,22,30
0.5,59.0,36,44
0.5,43.0,22,32
0.5,58.0,28,36
0.5,41.0,24,34
0.5,27.0,18,22
0.5,39.0,20,26
0.5,34.0,20,26
0.5,33.0,20,22
0.5,22.0,12,12
0.5,39.0,20,22
0.5,28.0,18,20
0.5,33.0,20,26
0.5,51.0,26,32
0.5,29.0,20,26
0.5,46.0,26,40
0.5,50.0,26,26
0.5,41.0,24,26
0.5,51.0,26,42
0.5,50.0,24,36
0.5,22.0,14,20
0.5,55.0,32,38
0.5,43.0,24,36
0.5,44.0,24,32
0.5,36.0,20,30
0.5,34.0,22,30
0.5,32.0,26,30
0.5,50.0,28,46
0.5,57.0,28,48
0.5,26.0,14,20
0.5,39.0,26,30
0.5,42.0,28,34
0.5,40.0,20,22
0.5,41.0,26,26
0.5,52.0,32,36
0.5,23.0,16,24
0.5,43.0,24,32
0.5,59.0,32,50
0.5,12.0,10,14
0.5,26.0,20,24
0.5,50.0,30,40
0.5,42.0,26,32
0.5,49.0,24,34
0.5,40.0,22,28
0.5,28.0,14,16
0.5,55.0,36,48
0.5,50.0,26,38
0.5,40.0,26,30
0.5,35.0,28,30
0.5,36.0,20,28
0.5,48.0,26,40
0.5,39.0,24,30
0.5,33.0,26,30
0.5,34.0,24,28
0.5,35.0,22,28
0.5,33.0,24,26
0.5,47.0,26,40
0.5,51.0,26,34
0.5,47.0,28,34
0.5,41.0,30,34
0.5,49.0,22,34
0.5,35.0,20,24
0.5,28.0,18,20
0.5,51.0,32,34
0.5,31.0,18,30
0.5,26.0,26,28
0.5,39.0,24,26
0.5,32.0,22,26
0.5,35.0,24,32
0.5,40.0,26,30
0.5,45.0,26,36
0.5,32.0,16,18
0.5,37.0,22,28
0.5,41.0,24,28
0.5,44.0,28,34
0.5,48.0,28,32
0.5,52.0,30,32
0.5,42.0,30,36
0.5,49.0,24,26
0.5,37.0,22,26
0.5,57.0,32,48
0.5,39.0,22,28
0.5,35.0,18,20
0.5,32.0,22,24
0.5,29.0,24,24
0.5,27.0,18,22
0.5,40.0,22,28
0.5,45.0,30,38
0.5,52.0,26,30
0.5,31.0,20,20
0.5,46.0,34,42
0.5,37.0,20,26
0.5,52.0,30,34
0.5,62.0,32,44
0.5,39.0,26,26
0.5,37.0,24,28
0.5,45.0,28,42
0.5,40.0,26,34
0.5,52.0,30,34
0.5,54.0,36,42
0.5,35.0,20,24
0.5,31.0,16,18
0.5,53.0,30,38
0.5,50.0,30,36
0.5,33.0,20,22
0.5,23.0,22,26
0.5,29.0,20,24
0.5,33.0,22,22
0.5,33.0,20,30
0.5,30.0,18,22
0.5,42.0,26,32
0.5,38.0,24,32
0.5,51.0,26,34
0.5,48.0,32,44
0.5,42.0,28,28
0.5,51.0,30,32
0.5,51.0,32,36
0.5,34.0,22,36
0.5,35.0,18,24
0.5,52.0,32,42
0.5,33.0,20,34
0.5,52.0,26,32
0.5,38.0,26,30
0.5,60.0,36,44
0.5,39.0,28,28
0.5,57.0,32,48
0.5,43.0,24,24
0.5,36.0,22,30
0.5,27.0,16,24
0.5,42.0,22,32
0.5,44.0,30,34
0.5,52.0,30,36
0.5,48.0,26,34
0.5,52.0,30,42
0.5,54.0,34,42
0.5,34.0,26,26
0.5,45.0,26,38
0.5,57.0,32,42
0.5,40.0,24,36
0.5,38.0,24,32
0.5,35.0,26,32
0.5,53.0,34,40
0.5,38.0,24,30
0.5,36.0,24,26
0.5,49.0,22,36
0.5,53.0,26,28
0.5,32.0,26,32
0.5,57.0,30,46
0.5,39.0,22,34
0.5,43.0,28,38
0.5,53.0,32,36
0.5,60.0,30,38
0.5,32.0,22,26
0.5,33.0,18,28
0.5,47.0,32,34
0.5,41.0,24,28
0.5,38.0,22,26
0.5,34.0,22,32
0.5,50.0,28,36
0.5,37.0,22,22
0.5,48.0,24,30
0.5,49.0,32,36
0.5,33.0,20,20
0.5,50.0,30,36
0.5,32.0,20,30
0.5,36.0,24,32
0.5,55.0,40,52
0.5,26.0,14,16
0.5,36.0,24,24
0.5,42.0,26,28
0.5,57.0,28,36
0.5,51.0,28,38
0.5,38.0,30,36
0.5,41.0,24,36
0.5,37.0,26,30
0.5,52.0,32,38
0.5,34.0,22,30
0.5,38.0,28,34
0.5,41.0,24,32
0.5,45.0,26,34
0.5,57.0,30,36
0.5,44.0,24,38
0.5,29.0,16,24
0.5,45.0,24,34
0.5,57.0,38,48
0.5,54.0,26,44
0.5,42.0,26,36
0.5,42.0,26,32
0.5,48.0,32,44
0.5,32.0,20,28
0.5,47.0,24,28
0.5,34.0,16,16
0.5,50.0,28,32
0.5,53.0,32,42
0.5,44.0,26,34
0.5,43.0,24,28
0.5,23.0,14,18
0.5,34.0,24,30
0.5,29.0,20,22
0.5,49.0,28,36
0.5,39.0,28,30
0.5,48.0,28,38
0.5,50.0,26,32
0.5,38.0,28,36
0.5,39.0,26,40
0.5,44.0,24,26
0.5,48.0,30,32
0.5,40.0,20,28
0.5,35.0,24,30
0.5,61.0,36,48
0.5,49.0,26,30
0.5,28.0,20,24
0.5,40.0,24,28
0.5,37.0,24,28
0.5,32.0,20,30
0.5,41.0,24,28
0.5,45.0,22,34
0.5,40.0,26,30
0.5,12.0,10,10
0.5,37.0,24,38
0.5,45.0,24,30
0.5,31.0,20,32
0.5,54.0,26,38
0.5,44.0,22,24
0.5,44.0,26,34
0.5,38.0,20,24
0.5,64.0,30,48
0.5,58.0,30,34
0.5,36.0,26,30
0.5,37.0,24,28
0.5,38.0,22,26
0.5,32.0,22,22
0.5,33.0,26,38
0.5,35.0,20,28
0.5,25.0,14,16
0.5,43.0,30,32
0.5,38.0,22,32
0.5,43.0,26,30
0.5,56.0,32,46
0.5,45.0,28,40
0.5,49.0,28,40
0.5,32.0,22,24
0.5,39.0,26,32
0.5,31.0,18,22
0.5,27.0,16,16
0.5,47.0,28,36
0.5,54.0,28,34
0.5,31.0,22,30
0.5,34.0,22,28
0.5,49.0,30,36
0.5,44.0,24,26
0.5,35.0,24,32
0.5,44.0,22,24
0.5,37.0,26,30
0.5,43.0,26,36
0.5,22.0,14,14
0.5,46.0,24,26
0.5,57.0,34,42
0.5,33.0,20,20
0.5,56.0,34,36
0.5,51.0,30,38
0.5,56.0,28,28
0.5,48.0,28,32
0.5,37.0,24,38
0.5,51.0,26,30
0.5,51.0,28,36
0.5,32.0,22,34
0.5,43.0,24,28
0.5,35.0,22,32
0.5,33.0,20,34
0.5,30.0,16,16
0.5,39.0,22,26
0.5,42.0,28,38
0.5,53.0,40,44
0.5,41.0,18,20
0.5,60.0,34,44
0.5,41.0,26,32
0.5,25.0,20,28
0.5,37.0,30,34
0.5,37.0,24,28
0.5,43.0,24,26
0.5,38.0,26,28
0.5,35.0,22,24
0.5,51.0,32,42
0.5,54.0,32,36
0.5,41.0,30,38
0.5,40.0,24,32
0.5,48.0,28,28
0.5,44.0,34,38
0.5,49.0,30,38
0.5,53.0,32,38
0.5,30.0,24,24
0.5,28.0,20,34
0.5,38.0,20,26
0.5,27.0,16,24
0.5,47.0,24,30
0.5,49.0,30,38
0.5,42.0,28,36
0.5,57.0,32,32
0.5,28.0,18,30
0.5,37.0,24,28
0.5,49.0,34,42
0.5,43.0,32,38
0.5,54.0,30,38
0.5,34.0,22,22
0.5,38.0,26,32
0.5,50.0,30,40
0.5,27.0,20,26
0.5,27.0,16,22
0.5,32.0,22,24
0.5,47.0,30,34
0.5,32.0,18,28
0.5,39.0,20,26
0.5,34.0,20,30
0.5,43.0,28,38
0.5,53.0,34,38
0.5,36.0,26,32
0.5,52.0,28,40
0.5,42.0,24,34
0.5,29.0,22,28
0.5,38.0,24,28
0.5,32.0,18,32
0.5,31.0,26,30
0.5,39.0,24,32
0.5,31.0,20,22
0.5,32.0,18,20
0.5,41.0,28,30
0.5,27.0,20,22
0.5,40.0,24,30
0.5,35.0,24,32
0.5,47.0,34,36
0.5,41.0,26,32
0.5,52.0,32,44
0.5,62.0,42,48
0.5,44.0,28,36
0.5,41.0,24,30
0.5,42.0,22,28
0.5,42.0,26,36
0.5,31.0,22,22
0.5,63.0,40,48
0.5,47.0,32,38
0.5,49.0,26,38
0.5,29.0,22,22
0.5,43.0,28,30
0.5,55.0,30,34
0.5,46.0,24,26
0.5,28.0,20,20
0.5,42.0,26,34
0.5,26.0,16,24
0.5,32.0,20,24
0.5,38.0,22,26
0.5,48.0,30,34
0.5,42.0,28,36
0.5,27.0,20,22
0.5,34.0,24,34
0.5,39.0,22,26
0.5,44.0,24,32
0.5,64.0,34,44
0.5,35.0,26,30
0.5,34.0,22,30
0.5,52.0,28,40
0.5,56.0,30,36
0.5,24.0,14,14
0.5,30.0,16,16
0.5,48.0,30,30
0.5,42.0,32,38
0.5,29.0,14,24
0.5,23.0,16,20
0.5,51.0,30,38
0.5,56.0,36,44
0.5,21.0,14,16
0.5,28.0,16,18
0.5,50.0,24,32
0.5,39.0,28,38
0.5,39.0,24,34
0.5,45.0,22,36
0.5,54.0,32,40
0.5,58.0,34,48
0.5,38.0,22,24
0.5,46.0,26,30
0.5,48.0,28,38
0.5,29.0,20,20
0.5,39.0,24,28
0.5,38.0,24,38
0.5,51.0,28,42
0.5,32.0,18,18
0.5,49.0,26,38
0.5,59.0,30,30
0.5,40.0,30,38
0.5,40.0,28,38
0.5,35.0,18,28
0.5,42.0,24,26
0.5,52.0,30,38
0.5,23.0,12,18
0.5,41.0,26,28
0.5,36.0,20,28
0.5,36.0,24,34
0.5,51.0,30,40
0.5,30.0,18,24
0.5,52.0,30,42
0.5,41.0,26,38
0.5,50.0,28,32
0.5,44.0,24,30
0.5,30.0,22,22
0.5,41.0,20,24
0.5,32.0,20,28
0.5,47.0,30,38
0.5,38.0,28,32
0.5,23.0,20,20
0.5,41.0,22,24
0.5,32.0,20,26
0.5,34.0,24,30
0.5,48.0,24,30
0.5,25.0,18,26
0.5,48.0,30,38
0.5,58.0,30,34
0.5,44.0,24,30
0.5,44.0,24,26
0.5,33.0,24,28
0.5,43.0,28,28
0.5,49.0,32,36
0.5,51.0,30,36
0.5,61.0,28,32
0.5,76.0,44,56
0.5,39.0,24,32
0.5,53.0,26,32
0.5,65.0,34,40
0.5,35.0,26,26
0.5,53.0,32,40
0.5,37.0,26,34
0.5,27.0,12,18
0.5,42.0,24,32
0.5,18.0,16,18
0.5,46.0,30,42
0.5,53.0,30,42
0.5,30.0,24,26
0.5,32.0,16,20
0.5,49.0,26,26
0.5,39.0,24,28
0.5,24.0,18,26
0.5,37.0,24,34
0.5,30.0,20,26
0.5,65.0,32,42
0.5,38.0,22,30
0.5,39.0,22,30
0.5,56.0,26,30
0.5,35.0,24,24
0.5,38.0,24,30
0.5,41.0,22,28
0.5,27.0,22,28
0.5,47.0,32,44
0.5,34.0,22,24
0.5,45.0,26,38
0.5,59.0,30,34
0.5,35.0,24,26
0.5,52.0,34,38
0.5,57.0,34,50
0.5,29.0,20,24
0.5,30.0,18,26
0.5,46.0,22,24
0.5,62.0,34,44
0.5,42.0,28,30
0.5,61.0,36,56
0.5,48.0,30,36
0.5,34.0,22,30
0.5,50.0,24,38
0.5,42.0,26,30
0.5,38.0,24,30
0.5,48.0,28,28
0.5,34.0,22,32
0.5,46.0,26,34
0.5,46.0,30,36
0.5,49.0,30,46
0.5,40.0,24,24
0.5,34.0,20,30
0.5,42.0,28,36
0.5,31.0,30,30
0.5,36.0,24,32
0.5,42.0,28,36
0.5,26.0,18,24
0.5,41.0,28,28
0.5,38.0,24,32
0.5,24.0,16,16
0.5,39.0,22,28
0.5,32.0,22,28
0.5,44.0,28,36
0.5,29.0,20,20
0.5,27.0,16,22
0.5,40.0,28,34
0.5,33.0,22,26
0.5,62.0,38,44
0.5,52.0,30,38
0.5,36.0,24,36
0.5,52.0,32,36
0.5,55.0,38,46
0.5,42.0,34,42
0.5,33.0,24,28
0.5,44.0,34,46
0.5,50.0,28,32
0.5,53.0,28,40
0.5,61.0,36,52
0.5,51.0,30,42
0.5,56.0,32,48
0.5,34.0,16,20
0.5,30.0,18,28
0.5,38.0,20,28
0.5,56.0,38,48
0.5,42.0,26,32
0.5,48.0,40,42
0.5,36.0,18,20
0.5,20.0,16,18
0.5,42.0,28,34
0.5,36.0,20,22
0.5,48.0,34,40
0.5,64.0,34,36
0.5,66.0,40,46
0.5,41.0,28,34
0.5,62.0,32,40
0.5,25.0,22,30
0.5,56.0,32,38
0.5,41.0,22,24
0.5,35.0,20,20
0.5,45.0,30,30
0.5,35.0,20,20
0.5,47.0,34,44
0.5,35.0,22,28
0.5,40.0,28,32
0.5,37.0,26,30
0.5,44.0,24,30
0.5,32.0,20,32
0.5,44.0,28,38
0.5,40.0,28,32
0.5,48.0,24,24
0.5,40.0,26,34
0.5,50.0,30,34
0.5,17.0,12,12
0.5,35.0,16,16
0.5,44.0,26,36
0.5,36.0,20,24
0.5,51.0,28,36
0.5,42.0,30,40
0.5,41.0,26,32
0.5,46.0,22,30
0.5,52.0,30,34
0.5,40.0,26,28
0.5,40.0,22,26
0.5,35.0,24,28
0.5,48.0,28,34
0.5,57.0,30,36
0.5,44.0,22,26
0.5,55.0,34,40
0.5,42.0,24,28
0.5,41.0,28,30
0.5,62.0,38,52
0.5,53.0,38,44
0.5,47.0,26,34
0.5,39.0,22,32
0.5,51.0,24,32
0.5,35.0,22,28
0.5,44.0,28,36
0.5,32.0,22,22
0.5,25.0,16,16
0.5,47.0,24,26
0.5,34.0,20,22
0.5,41.0,24,24
0.5,61.0,30,32
0.5,48.0,30,38
0.5,30.0,22,32
0.5,31.0,18,24
0.5,22.0,14,14
0.5,31.0,24,30
0.5,41.0,24,28
0.5,32.0,26,34
0.5,45.0,26,34
0.5,42.0,26,34
0.5,52.0,28,40
0.5,37.0,24,36
0.5,36.0,24,40
0.5,45.0,26,36
0.5,46.0,28,36
0.5,45.0,26,34
0.5,29.0,18,18
0.5,39.0,26,28
0.5,40.0,28,28
0.5,56.0,32,42
0.5,39.0,22,32
0.5,44.0,26,38
0.5,16.0,8,8
0.5,49.0,28,36
0.5,48.0,28,32
0.5,46.0,24,28
0.5,22.0,12,14
0.5,37.0,24,34
0.5,43.0,26,28
0.5,47.0,28,34
0.5,41.0,26,30
0.5,43.0,26,32
0.5,37.0,18,28
0.5,32.0,22,28
0.5,37.0,24,28
0.5,47.0,30,42
0.5,38.0,18,24
0.5,57.0,36,42
0.5,44.0,22,28
0.5,48.0,30,36
0.5,47.0,30,34
0.5,51.0,26,36
0.5,47.0,28,38
0.5,32.0,22,30
0.5,41.0,28,30
0.5,60.0,36,38
0.5,18.0,16,16
0.5,38.0,28,32
0.5,35.0,22,26
0.5,47.0,28,36
0.5,38.0,32,34
0.5,12.0,12,16
0.5,52.0,34,40
0.5,27.0,16,16
0.5,53.0,26,34
0.5,46.0,30,34
0.5,38.0,24,28
0.5,38.0,22,32
0.5,41.0,32,36
0.5,41.0,24,26
0.5,34.0,20,26
0.5,35.0,24,24
0.5,55.0,32,36
0.5,39.0,26,36
0.5,43.0,28,32
0.5,55.0,26,46
0.5,29.0,24,26
0.5,42.0,28,36
0.5,34.0,22,26
0.5,31.0,18,24
0.5,61.0,32,34
0.5,34.0,20,24
0.5,35.0,22,22
0.5,53.0,30,40
0.5,50.0,28,32
0.5,29.0,22,22
0.5,51.0,24,28
0.5,35.0,26,26
0.5,45.0,28,28
0.5,42.0,24,30
0.5,40.0,22,30
0.5,46.0,24,28
0.5,37.0,26,30
0.5,37.0,22,26
0.5,54.0,28,50
0.5,36.0,22,34
0.5,55.0,32,42
0.5,47.0,26,28
0.5,55.0,38,46
0.5,42.0,26,36
0.5,47.0,32,44
0.5,33.0,16,20
0.5,43.0,28,30
0.5,36.0,20,28
0.5,39.0,26,28
0.5,49.0,28,34
0.5,32.0,24,24
0.5,57.0,32,40
0.5,15.0,14,20
0.5,29.0,18,28
0.5,29.0,18,22
0.5,39.0,18,26
0.5,40.0,26,32
0.5,56.0,32,36
0.5,60.0,32,38
0.5,27.0,18,22
0.5,41.0,26,26
0.5,40.0,30,44
0.5,53.0,32,44
0.5,34.0,24,30
0.5,36.0,24,28
0.5,48.0,26,30
0.5,40.0,24,26
0.5,31.0,20,26
0.5,54.0,34,44
0.5,33.0,18,20
0.5,31.0,22,24
0.5,56.0,34,36
0.5,50.0,34,50
0.5,38.0,32,40
0.5,49.0,26,40
0.5,40.0,24,30
0.5,40.0,22,36
0.5,35.0,22,30
0.5,42.0,26,34
0.5,31.0,22,30
0.5,48.0,30,42
0.5,41.0,26,34
0.5,43.0,24,28
0.5,46.0,28,36
0.5,32.0,22,32
0.5,29.0,22,30
0.5,29.0,22,24
0.5,36.0,20,22
0.5,59.0,32,38
0.5,52.0,30,46
0.5,29.0,18,22
0.5,41.0,28,42
0.5,27.0,22,28
0.5,31.0,20,28
0.5,46.0,32,44
0.5,56.0,30,40
0.5,47.0,32,38
0.5,37.0,26,32
0.5,53.0,26,34
0.5,41.0,28,34
0.5,54.0,30,36
0.5,48.0,32,52
0.5,38.0,22,26
0.5,32.0,16,18
0.5,48.0,26,34
0.5,28.0,18,28
0.5,57.0,34,48
0.5,38.0,22,26
0.5,48.0,26,32
0.5,25.0,20,24
0.5,32.0,18,22
0.5,50.0,26,30
0.5,46.0,28,34
0.5,28.0,20,26
0.5,37.0,20,32
0.5,34.0,26,32
0.5,40.0,24,26
0.5,33.0,18,30
0.5,35.0,22,32
0.5,54.0,26,38
0.5,29.0,24,26
0.5,41.0,34,40
0.5,34.0,20,28
0.5,53.0,26,40
0.5,33.0,22,30
0.5,35.0,20,26
0.5,46.0,30,48
0.5,47.0,26,34
0.5,46.0,26,44
0.5,46.0,30,34
0.5,57.0,36,44
0.5,46.0,26,42
0.5,50.0,30,36
0.5,48.0,30,42
0.5,37.0,28,30
0.5,57.0,30,36
0.5,48.0,34,44
0.5,44.0,30,48
0.5,35.0,22,30
0.5,44.0,24,30
0.5,37.0,20,24
0.5,71.0,38,48
0.5,29.0,20,24
0.5,28.0,18,24
0.5,44.0,30,44
0.5,60.0,34,40
0.5,29.0,24,28
0.5,43.0,20,20
0.5,33.0,20,20
0.5,31.0,20,24
0.5,34.0,20,22
0.5,28.0,16,16
0.5,26.0,16,20
0.5,45.0,26,26
0.5,53.0,36,42
0.5,41.0,24,30
0.5,42.0,24,30
0.5,49.0,32,40
0.5,37.0,22,26
0.5,48.0,28,38
0.5,32.0,18,30
0.5,47.0,26,30
0.5,16.0,14,18
0.5,34.0,26,30
0.5,38.0,20,28
0.5,35.0,26,26
0.5,30.0,22,34
0.5,46.0,26,36
0.5,50.0,32,40
0.5,50.0,28,36
0.5,48.0,32,50
0.5,30.0,20,28
0.5,29.0,22,30
0.5,33.0,30,32
0.5,38.0,22,26
0.5,39.0,24,24
0.5,44.0,26,32
0.5,42.0,28,32
0.5,32.0,20,24
0.5,55.0,32,44
0.5,48.0,26,30
0.5,49.0,26,50
0.5,44.0,22,30
0.5,42.0,28,40
0.5,52.0,32,34
0.5,45.0,26,34
0.5,41.0,20,22
0.5,46.0,26,32
0.5,44.0,32,36
0.5,39.0,28,30
0.5,37.0,24,32
0.5,41.0,26,30
0.5,32.0,20,22
0.5,40.0,28,34
0.5,34.0,24,24
0.5,46.0,22,34
0.5,50.0,28,32
0.5,41.0,22,28
0.5,48.0,28,34
0.5,26.0,18,18
0.5,50.0,28,42
0.5,42.0,18,32
0.5,37.0,28,38
0.5,38.0,24,36
0.5,52.0,30,38
0.5,42.0,22,26
0.5,47.0,24,26
0.5,50.0,30,38
0.5,60.0,32,38
0.5,43.0,20,28
0.5,39.0,28,36
0.5,63.0,40,48
0.5,41.0,24,40
0.5,70.0,36,52
0.5,25.0,18,24
0.5,40.0,22,28
0.5,57.0,34,38
0.5,38.0,24,32
0.5,42.0,32,40
0.5,55.0,32,36
0.5,47.0,32,44
0.5,36.0,26,34
0.5,47.0,34,36
0.5,41.0,24,28
0.5,29.0,18,20
0.5,55.0,32,40
0.5,37.0,24,28
0.5,39.0,24,26
0.5,52.0,28,42
0.5,58.0,30,36
0.5,45.0,34,46
0.5,51.0,30,38
0.5,30.0,20,30
0.5,46.0,24,28
0.5,46.0,28,30
0.5,47.0,28,40
0.5,49.0,26,36
0.5,40.0,28,30
0.5,47.0,26,28
0.5,40.0,22,28
0.5,47.0,28,38
0.5,39.0,30,36
0.5,58.0,34,42
0.5,50.0,30,42
0.5,67.0,40,40
0.5,35.0,18,34
0.5,46.0,32,32
0.5,34.0,22,22
0.5,51.0,26,30
0.5,36.0,26,26
0.5,51.0,28,38
0.5,39.0,22,32
0.5,40.0,24,28
0.5,30.0,18,26
0.5,53.0,30,44
0.5,33.0,18,26
0.5,48.0,30,32
0.5,41.0,30,38
0.5,50.0,30,42
0.5,41.0,26,26
0.5,33.0,22,30
0.5,53.0,32,46
0.5,49.0,28,38
0.5,26.0,16,18
0.5,35.0,24,32
0.5,46.0,26,32
0.5,37.0,24,32
0.5,32.0,20,24
0.5,46.0,24,34
0.5,35.0,22,34
0.5,30.0,22,22
0.5,40.0,24,34
0.5,35.0,18,26
0.5,46.0,30,46
0.5,34.0,22,26
0.5,74.0,40,48
0.5,28.0,20,22
0.5,36.0,26,30
0.5,32.0,14,18
0.5,41.0,24,30
0.5,40.0,24,26
0.5,24.0,14,18
0.5,36.0,20,26
0.5,26.0,22,26
0.5,45.0,30,46
0.5,34.0,22,26
0.5,26.0,24,26
0.5,34.0,20,30
0.5,32.0,16,20
0.5,49.0,36,44
0.5,47.0,30,36
0.5,31.0,20,20
0.5,31.0,24,30
0.5,29.0,20,30
0.5,58.0,30,44
0.5,47.0,28,42
0.5,43.0,24,34
0.5,48.0,28,38
0.5,51.0,32,36
0.5,30.0,22,28
0.5,51.0,32,38
0.5,29.0,14,18
0.5,54.0,28,48
0.5,28.0,18,26
0.5,40.0,22,40
0.5,41.0,22,30
0.5,49.0,32,36
0.5,32.0,22,32
0.5,38.0,28,30
0.5,49.0,28,36
0.5,65.0,26,28
0.5,45.0,22,28
0.5,34.0,22,36
0.5,24.0,16,18
0.5,59.0,26,36
0.5,34.0,26,30
0.5,58.0,30,36
0.5,26.0,18,22
0.5,31.0,18,22
0.5,63.0,38,44
0.5,43.0,26,30
0.5,49.0,30,38
0.5,40.0,28,38
0.5,34.0,22,32
0.5,30.0,18,20
0.5,48.0,24,34
0.5,33.0,18,24
0.5,45.0,28,40
0.5,35.0,18,28
0.5,47.0,26,28
0.5,35.0,24,30
0.5,44.0,26,34
0.5,41.0,26,28
0.5,34.0,20,28
0.5,39.0,24,28
0.5,35.0,20,20
0.5,39.0,26,32
0.5,45.0,26,40
0.5,49.0,28,40
0.5,33.0,20,22
0.5,49.0,28,36
0.5,44.0,30,38
0.5,52.0,28,34
0.5,33.0,28,32
0.5,42.0,26,30
0.5,28.0,18,22
0.5,40.0,34,36
0.5,58.0,36,40
0.5,46.0,30,38
0.5,54.0,28,40
0.5,39.0,26,40
0.5,40.0,30,38
0.5,40.0,22,30
0.5,44.0,32,36
0.5,54.0,30,46
0.5,50.0,30,42
0.5,35.0,20,22
0.5,34.0,20,30
0.5,58.0,34,52
0.5,63.0,34,46
0.5,55.0,26,28
0.5,17.0,14,14
0.5,37.0,26,30
0.5,33.0,26,32
0.5,40.0,22,38
0.5,36.0,24,30
0.5,55.0,34,42
0.5,49.0,30,34
0.5,34.0,22,26
0.5,25.0,20,22
0.5,49.0,28,32
0.5,49.0,36,44
0.5,38.0,24,24
0.5,45.0,28,34
0.5,49.0,30,38
0.5,18.0,12,12
0.5,33.0,22,26
0.5,36.0,24,28
0.5,37.0,22,24
0.5,33.0,22,32
0.5,28.0,16,22
0.5,30.0,24,28
0.5,39.0,26,36
0.5,48.0,28,36
0.5,42.0,24,32
0.5,45.0,28,34
0.5,41.0,26,36
0.5,35.0,22,30
0.5,46.0,30,32
0.5,35.0,18,26
0.5,43.0,24,26
0.5,44.0,24,30
0.5,36.0,26,32
0.5,29.0,20,22
0.5,47.0,34,36
0.5,48.0,32,32
0.5,30.0,24,26
0.5,43.0,30,40
0.5,31.0,20,26
0.5,30.0,18,18
0.5,21.0,16,16
0.5,52.0,32,38
0.5,41.0,22,26
0.5,23.0,14,20
0.5,43.0,26,30
0.5,37.0,20,28
0.5,29.0,18,22
0.5,45.0,28,38
0.5,41.0,20,30
0.5,38.0,24,36
0.5,37.0,22,28
0.5,39.0,24,34
0.5,46.0,28,34
0.5,46.0,26,44
0.5,65.0,38,42
0.5,54.0,32,38
0.5,28.0,16,24
0.5,51.0,24,36
0.5,46.0,28,40
0.5,40.0,24,30
0.5,44.0,28,32
0.5,43.0,30,36
0.5,19.0,20,24
0.5,45.0,26,38
0.5,61.0,28,36
0.5,33.0,26,28
0.5,25.0,20,24
0.5,55.0,34,50
0.5,45.0,28,38
0.5,41.0,22,26
0.5,57.0,30,42
0.5,43.0,24,30
0.5,25.0,16,16
0.5,36.0,20,26
0.5,30.0,24,24
0.5,49.0,24,34
0.5,42.0,28,34
0.5,38.0,26,36
0.5,48.0,28,30
0.5,34.0,24,28
0.5,30.0,22,22
0.5,48.0,26,30
0.5,25.0,18,20
0.5,34.0,24,28
0.5,57.0,36,50
0.5,53.0,30,38
0.5,40.0,26,26
0.5,60.0,36,42
0.5,38.0,28,38
0.5,26.0,22,30
0.5,31.0,22,32
0.5,39.0,24,24
0.5,25.0,16,16
0.5,42.0,24,36
0.5,31.0,24,26
0.5,50.0,32,40
0.5,38.0,24,30
0.5,47.0,28,34
0.5,30.0,26,34
0.5,34.0,24,26
0.5,23.0,18,22
0.5,32.0,22,24
0.5,39.0,22,26
0.5,41.0,28,32
0.5,28.0,20,20
0.5,66.0,40,48
0.5,27.0,24,28
0.5,47.0,22,24
0.5,62.0,38,48
0.5,40.0,22,24
0.5,22.0,16,20
0.5,50.0,28,38
0.5,43.0,18,24
0.5,43.0,30,30
0.5,28.0,18,18
0.5,32.0,20,22
0.5,50.0,32,38
0.5,40.0,20,30
0.5,53.0,30,42
0.5,42.0,26,28
0.5,49.0,34,42
0.5,44.0,26,28
0.5,46.0,28,38
0.5,43.0,22,32
0.5,44.0,26,32
0.5,47.0,30,36
0.5,44.0,32,40
0.5,60.0,32,42
0.5,46.0,22,32
0.5,41.0,24,30
0.5,33.0,22,24
0.5,39.0,26,38
0.5,52.0,26,40
0.5,32.0,22,28
0.5,51.0,28,40
0.5,29.0,26,30
0.5,28.0,20,20
0.5,38.0,22,28
0.5,38.0,18,30
0.5,31.0,20,22
0.5,52.0,36,42
0.5,30.0,24,24
0.5,69.0,36,44
0.5,48.0,30,40
0.5,43.0,22,30
0.5,36.0,22,26
0.5,53.0,28,40
0.5,36.0,24,28
0.5,43.0,26,32
0.5,57.0,28,38
0.5,30.0,20,26
0.5,38.0,26,34
0.5,42.0,24,26
0.5,47.0,24,34
0.5,39.0,26,32
0.5,25.0,20,22
0.5,36.0,26,32
0.5,43.0,28,34
0.5,57.0,26,40
0.5,51.0,26,34
0.5,33.0,18,32
0.5,48.0,26,40
0.5,47.0,26,32
0.5,63.0,26,38
0.5,30.0,16,16
0.5,53.0,32,44
0.5,53.0,32,44
0.5,49.0,30,42
0.5,31.0,18,24
0.5,35.0,18,26
0.5,44.0,24,30
0.5,28.0,18,22
0.5,31.0,16,26
0.5,57.0,32,38
0.5,65.0,36,46
0.5,35.0,18,22
0.5,42.0,26,30
0.5,44.0,30,40
0.5,43.0,28,32
0.5,49.0,34,42
0.5,51.0,26,28
0.5,41.0,32,40
0.5,40.0,24,38
0.5,48.0,24,30
0.5,41.0,26,30
0.5,47.0,24,38
0.5,59.0,32,38
0.5,34.0,22,26
0.5,20.0,16,20
0.5,40.0,26,32
0.5,46.0,30,34
0.5,40.0,24,28
0.5,34.0,20,22
0.5,44.0,34,34
0.5,39.0,24,24
0.5,37.0,24,28
0.5,28.0,20,26
0.5,22.0,18,20
0.5,43.0,24,28
0.5,53.0,36,50
0.5,57.0,32,40
0.5,30.0,18,22
0.5,46.0,28,30
0.5,55.0,28,32
0.5,43.0,24,36
0.5,41.0,20,30
0.5,46.0,26,28
0.5,28.0,18,22
0.5,43.0,26,26
0.5,49.0,28,36
0.5,28.0,20,20
0.5,31.0,18,20
0.5,32.0,16,18
0.5,61.0,34,44
0.5,51.0,28,38
0.5,41.0,26,34
0.5,24.0,20,26
0.5,28.0,20,24
1.0,90.0,48,56
1.0,94.0,52,68
1.0,84.0,52,64
1.0,71.0,50,52
1.0,88.0,48,52
1.0,82.0,50,58
1.0,90.0,50,60
1.0,79.0,50,70
1.0,75.0,48,58
1.0,80.0,48,72
1.0,78.0,48,56
1.0,90.0,50,60
1.0,76.0,50,60
1.0,93.0,50,64
1.0,86.0,54,58
1.0,85.0,48,60
1.0,82.0,50,66
1.0,86.0,50,60
1.0,90.0,56,64
1.0,76.0,52,66
1.0,87.0,50,66
1.0,91.0,50,58
1.0,90.0,50,64
1.0,92.0,50,74
1.0,88.0,48,64
1.0,95.0,50,66
1.0,77.0,56,64
1.0,90.0,50,60
1.0,73.0,50,68
1.0,86.0,52,64
1.0,81.0,48,62
1.0,84.0,48,64
1.0,90.0,48,66
1.0,73.0,52,60
1.0,85.0,48,66
1.0,84.0,48,66
1.0,72.0,50,66
1.0,77.0,50,52
1.0,90.0,50,64
1.0,75.0,52,62
1.0,87.0,52,66
1.0,87.0,52,58
1.0,84.0,52,54
1.0,89.0,56,66
1.0,82.0,48,60
1.0,69.0,56,70
1.0,78.0,48,52
1.0,84.0,50,60
1.0,87.0,52,56
1.0,86.0,48,54
1.0,89.0,48,70
1.0,80.0,50,58
1.0,70.0,50,72
1.0,94.0,50,68
1.0,81.0,52,56
1.0,86.0,52,52
1.0,77.0,52,72
1.0,88.0,48,68
1.0,84.0,50,72
1.0,86.0,52,68
1.0,97.0,50,68
1.0,88.0,54,64
1.0,94.0,50,60
1.0,89.0,54,66
1.0,81.0,50,58
1.0,79.0,50,60
1.0,80.0,54,70
1.0,77.0,48,62
1.0,75.0,50,58
1.0,91.0,50,70
1.0,87.0,52,60
1.0,84.0,52,60
1.0,88.0,48,62
1.0,84.0,50,58
1.0,93.0,52,64
1.0,94.0,50,68
1.0,91.0,50,64
1.0,83.0,50,64
1.0,89.0,48,66
1.0,80.0,50,64
1.0,87.0,50,58
1.0,79.0,48,64
1.0,77.0,48,64
1.0,85.0,48,60
1.0,78.0,52,62
1.0,80.0,50,60
1.0,80.0,48,56
1.0,84.0,50,58
1.0,84.0,50,66
1.0,85.0,48,56
1.0,77.0,50,62
1.0,75.0,52,64
1.0,81.0,52,62
1.0,96.0,50,58
1.0,81.0,48,58
1.0,86.0,50,56
1.0,95.0,50,66
1.0,85.0,50,58
1.0,90.0,52,62
1.0,89.0,48,60
1.0,77.0,50,68
1.0,89.0,52,68
1.0,84.0,54,58
1.0,72.0,52,62
1.0,82.0,50,64
1.0,90.0,48,56
1.0,78.0,48,60
1.0,80.0,48,62
1.0,81.0,50,68
1.0,96.0,50,52
1.0,89.0,50,58
1.0,84.0,52,68
1.0,88.0,50,78
1.0,80.0,52,60
1.0,93.0,50,68
1.0,75.0,52,54
1.0,82.0,50,66
1.0,81.0,50,64
1.0,91.0,50,62
1.0,76.0,50,56
1.0,85.0,50,66
1.0,74.0,50,56
1.0,87.0,48,64
1.0,89.0,48,58
1.0,79.0,50,62
1.0,76.0,50,62
1.0,72.0,50,68
1.0,84.0,52,64
1.0,81.0,50,70
1.0,79.0,56,70
1.0,86.0,50,64
1.0,81.0,48,76
1.0,93.0,48,68
1.0,92.0,48,66
1.0,72.0,52,70
1.0,88.0,50,62
1.0,83.0,50,64
1.0,82.0,50,66
1.0,85.0,50,52
1.0,91.0,52,72
1.0,77.0,50,60
1.0,80.0,54,62
1.0,87.0,50,60
1.0,79.0,52,70
1.0,78.0,50,74
1.0,77.0,48,52
1.0,82.0,48,74
1.0,90.0,52,60
1.0,75.0,48,64
1.0,77.0,50,54
1.0,79.0,52,62
1.0,83.0,54,66
1.0,84.0,50,66
1.0,84.0,48,54
1.0,79.0,52,60
1.0,89.0,54,78
1.0,80.0,48,68
1.0,81.0,48,66
1.0,77.0,52,62
1.0,87.0,52,60
1.0,81.0,52,66
1.0,84.0,54,60
1.0,96.0,52,60
1.0,89.0,48,66
1.0,91.0,50,70
1.0,88.0,50,54
1.0,80.0,48,62
1.0,79.0,52,66
1.0,81.0,52,58
1.0,92.0,50,74
1.0,88.0,50,68
1.0,83.0,48,64
1.0,84.0,50,66
1.0,79.0,50,62
1.0,73.0,50,58
1.0,88.0,52,58
1.0,80.0,50,54
1.0,84.0,52,62
1.0,81.0,52,54
1.0,76.0,52,66
1.0,79.0,50,60
1.0,73.0,48,52
1.0,86.0,52,58
1.0,73.0,58,88
1.0,78.0,52,72
1.0,78.0,54,62
1.0,82.0,50,60
1.0,76.0,52,64
1.0,82.0,50,56
1.0,86.0,52,58
1.0,90.0,50,62
1.0,88.0,50,62
1.0,88.0,52,64
1.0,85.0,52,64
1.0,79.0,52,56
1.0,97.0,48,64
1.0,74.0,54,68
1.0,85.0,52,66
1.0,84.0,48,60
1.0,73.0,52,66
1.0,85.0,52,56
1.0,78.0,48,56
1.0,73.0,48,66
1.0,86.0,52,70
1.0,86.0,50,54
1.0,80.0,52,74
1.0,76.0,52,54
1.0,80.0,50,58
1.0,78.0,52,64
1.0,87.0,48,68
1.0,70.0,54,66
1.0,87.0,50,56
1.0,85.0,52,64
1.0,69.0,52,66
1.0,83.0,48,72
1.0,82.0,48,58
1.0,93.0,50,58
1.0,73.0,50,56
1.0,78.0,52,60
1.0,92.0,52,64
1.0,75.0,52,70
1.0,84.0,50,68
1.0,73.0,54,62
1.0,85.0,48,72
1.0,83.0,50,62
1.0,84.0,52,58
1.0,81.0,50,64
1.0,79.0,52,66
1.0,80.0,48,58
1.0,89.0,48,64
1.0,95.0,50,62
1.0,84.0,50,58
1.0,73.0,54,68
1.0,82.0,48,70
1.0,82.0,50,62
1.0,81.0,50,60
1.0,82.0,56,72
1.0,76.0,50,58
1.0,84.0,50,64
1.0,82.0,48,62
1.0,86.0,48,66
1.0,88.0,50,66
1.0,79.0,50,72
1.0,89.0,52,58
1.0,78.0,54,64
1.0,83.0,48,68
1.0,74.0,54,68
1.0,71.0,48,58
1.0,73.0,48,60
1.0,88.0,48,58
1.0,79.0,48,60
1.0,86.0,52,60
1.0,84.0,48,64
1.0,87.0,48,70
1.0,84.0,48,56
1.0,86.0,56,62
1.0,73.0,54,62
1.0,88.0,50,64
1.0,87.0,50,60
1.0,85.0,54,64
1.0,89.0,50,66
1.0,82.0,50,62
1.0,85.0,48,60
1.0,83.0,50,58
1.0,84.0,54,60
1.0,78.0,48,64
1.0,86.0,56,64
1.0,81.0,50,64
1.0,73.0,52,58
1.0,85.0,52,72
1.0,87.0,50,62
1.0,86.0,48,60
1.0,81.0,50,76
1.0,83.0,48,56
1.0,76.0,52,60
1.0,76.0,54,62
1.0,88.0,50,70
1.0,82.0,48,70
1.0,73.0,50,62
1.0,84.0,52,76
1.0,84.0,50,66
1.0,90.0,48,82
1.0,79.0,48,62
1.0,83.0,50,68
1.0,89.0,50,78
1.0,78.0,52,62
1.0,85.0,48,68
1.0,82.0,48,56
1.0,84.0,48,58
1.0,82.0,50,56
1.0,85.0,52,70
1.0,85.0,48,58
1.0,91.0,50,58
1.0,74.0,54,78
1.0,76.0,50,70
1.0,88.0,50,62
1.0,74.0,52,60
1.0,65.0,48,54
1.0,81.0,48,68
1.0,78.0,50,58
1.0,82.0,48,64
1.0,80.0,54,60
1.0,82.0,52,66
1.0,85.0,50,56
1.0,71.0,54,60
1.0,80.0,50,62
1.0,85.0,50,50
1.0,84.0,48,72
1.0,74.0,50,56
1.0,85.0,48,52
1.0,85.0,52,62
1.0,74.0,52,64
1.0,86.0,48,66
1.0,84.0,52,54
1.0,90.0,54,66
1.0,92.0,50,68
1.0,73.0,54,64
1.0,76.0,50,58
1.0,82.0,50,66
1.0,78.0,54,58
1.0,81.0,52,56
1.0,84.0,50,58
1.0,86.0,50,76
1.0,73.0,50,62
1.0,93.0,48,56
1.0,77.0,48,60
1.0,76.0,52,72
1.0,70.0,52,62
1.0,81.0,50,58
1.0,91.0,54,70
1.0,80.0,56,66
1.0,82.0,50,76
1.0,82.0,50,64
1.0,87.0,52,58
1.0,83.0,48,62
1.0,84.0,48,60
1.0,89.0,54,62
1.0,91.0,50,68
1.0,75.0,48,56
1.0,82.0,52,66
1.0,67.0,52,62
1.0,83.0,52,64
1.0,93.0,50,70
1.0,86.0,50,60
1.0,89.0,52,66
1.0,94.0,48,58
1.0,87.0,48,60
1.0,84.0,52,58
1.0,73.0,50,66
1.0,90.0,50,54
1.0,75.0,48,56
1.0,81.0,50,56
1.0,89.0,54,68
1.0,77.0,54,62
1.0,82.0,54,74
1.0,71.0,50,58
1.0,80.0,48,62
1.0,76.0,54,76
1.0,88.0,50,64
1.0,80.0,56,62
1.0,94.0,50,60
1.0,88.0,50,66
1.0,85.0,50,54
1.0,76.0,52,62
1.0,81.0,52,58
1.0,80.0,48,72
1.0,83.0,50,60
1.0,85.0,50,66
1.0,77.0,50,62
1.0,73.0,52,60
1.0,80.0,50,62
1.0,81.0,52,62
1.0,81.0,50,64
1.0,86.0,52,64
1.0,67.0,50,60
1.0,78.0,48,66
1.0,85.0,50,58
1.0,85.0,52,68
1.0,85.0,48,64
1.0,89.0,48,60
1.0,71.0,48,56
1.0,86.0,48,60
1.0,78.0,50,64
1.0,73.0,50,60
1.0,91.0,48,58
1.0,75.0,54,58
1.0,87.0,52,64
1.0,88.0,48,58
1.0,77.0,48,58
1.0,89.0,48,64
1.0,84.0,48,68
1.0,76.0,48,72
1.0,82.0,50,58
1.0,80.0,52,66
1.0,91.0,50,68
1.0,86.0,52,58
1.0,79.0,50,60
1.0,82.0,50,68
1.0,89.0,52,70
1.0,84.0,48,64
1.0,70.0,50,56
1.0,82.0,50,70
1.0,78.0,52,68
1.0,75.0,52,64
1.0,81.0,52,60
1.0,95.0,50,68
1.0,81.0,50,58
1.0,81.0,56,58
1.0,84.0,52,62
1.0,76.0,50,62
1.0,88.0,50,62
1.0,85.0,54,70
1.0,83.0,50,64
1.0,90.0,56,62
1.0,83.0,54,56
1.0,80.0,52,68
1.0,86.0,48,62
1.0,84.0,54,58
1.0,83.0,52,66
1.0,73.0,48,58
1.0,90.0,48,60
1.0,82.0,50,52
1.0,67.0,54,62
1.0,80.0,52,62
1.0,66.0,50,56
1.0,78.0,52,64
1.0,81.0,50,56
1.0,93.0,50,70
1.0,75.0,48,72
1.0,90.0,48,58
1.0,77.0,50,62
1.0,88.0,54,72
1.0,77.0,52,58
1.0,86.0,54,66
1.0,65.0,50,58
1.0,75.0,52,52
1.0,91.0,48,54
1.0,82.0,50,66
1.0,81.0,52,72
1.0,77.0,56,76
1.0,81.0,48,72
1.0,83.0,52,62
1.0,79.0,52,66
1.0,84.0,54,66
1.0,83.0,50,62
1.0,89.0,52,58
1.0,73.0,50,62
1.0,75.0,50,66
1.0,85.0,48,66
1.0,86.0,50,58
1.0,79.0,50,62
1.0,83.0,50,66
1.0,93.0,52,64
1.0,89.0,50,62
1.0,85.0,50,64
1.0,80.0,50,60
1.0,86.0,50,62
1.0,79.0,50,74
1.0,90.0,50,68
1.0,87.0,48,54
1.0,80.0,50,56
1.0,83.0,50,60
1.0,85.0,52,78
1.0,87.0,48,60
1.0,75.0,54,66
1.0,80.0,52,64
1.0,80.0,50,64
1.0,84.0,50,66
1.0,87.0,58,64
1.0,87.0,48,62
1.0,85.0,50,62
1.0,79.0,50,60
1.0,83.0,50,64
1.0,89.0,48,70
1.0,77.0,48,74
1.0,78.0,52,62
1.0,83.0,52,58
1.0,77.0,52,62
1.0,70.0,50,68
1.0,80.0,52,60
1.0,84.0,50,64
1.0,79.0,50,62
1.0,78.0,52,62
1.0,75.0,50,64
1.0,86.0,48,76
1.0,70.0,52,70
1.0,87.0,48,60
1.0,81.0,50,66
1.0,87.0,48,60
1.0,88.0,50,60
1.0,78.0,52,68
1.0,82.0,48,62
1.0,85.0,50,64
1.0,84.0,52,58
1.0,84.0,48,58
1.0,72.0,48,58
1.0,87.0,56,70
1.0,80.0,52,66
1.0,85.0,50,58
1.0,83.0,50,66
1.0,92.0,52,68
1.0,78.0,50,58
1.0,86.0,50,78
1.0,93.0,50,70
1.0,95.0,50,78
1.0,74.0,50,70
1.0,91.0,54,62
1.0,76.0,52,60
1.0,76.0,48,58
1.0,82.0,48,50
1.0,82.0,50,78
1.0,89.0,52,64
1.0,85.0,52,78
1.0,75.0,48,60
1.0,75.0,54,66
1.0,83.0,52,56
1.0,87.0,52,64
1.0,79.0,52,54
1.0,87.0,52,60
1.0,79.0,52,60
1.0,85.0,52,64
1.0,83.0,50,56
1.0,87.0,54,58
1.0,83.0,52,66
1.0,80.0,54,60
1.0,80.0,48,60
1.0,93.0,50,68
1.0,76.0,54,78
1.0,92.0,50,68
1.0,75.0,52,60
1.0,81.0,50,60
1.0,79.0,56,68
1.0,86.0,48,60
1.0,90.0,48,58
1.0,72.0,54,68
1.0,86.0,50,56
1.0,89.0,48,56
1.0,82.0,52,58
1.0,84.0,48,56
1.0,82.0,50,58
1.0,71.0,48,62
1.0,88.0,52,56
1.0,82.0,48,66
1.0,81.0,50,60
1.0,86.0,50,68
1.0,63.0,50,50
1.0,86.0,50,62
1.0,80.0,50,60
1.0,73.0,50,64
1.0,83.0,48,82
1.0,77.0,52,70
1.0,76.0,48,56
1.0,91.0,48,60
1.0,93.0,48,56
1.0,75.0,52,58
1.0,81.0,48,70
1.0,84.0,50,60
1.0,80.0,54,56
1.0,71.0,50,64
1.0,85.0,48,58
1.0,86.0,50,58
1.0,85.0,52,70
1.0,85.0,48,58
1.0,85.0,52,62
1.0,82.0,50,58
1.0,72.0,50,66
1.0,80.0,52,58
1.0,82.0,52,64
1.0,87.0,52,56
1.0,89.0,54,66
1.0,73.0,50,60
1.0,84.0,48,68
1.0,82.0,48,70
1.0,82.0,52,66
1.0,80.0,48,60
1.0,88.0,50,62
1.0,84.0,48,74
1.0,83.0,50,60
1.0,91.0,50,58
1.0,69.0,50,60
1.0,87.0,54,64
1.0,90.0,54,64
1.0,66.0,50,56
1.0,85.0,50,54
1.0,90.0,48,66
1.0,82.0,52,70
1.0,84.0,52,64
1.0,72.0,50,54
1.0,75.0,54,60
1.0,75.0,50,52
1.0,75.0,52,52
1.0,84.0,52,62
1.0,81.0,50,58
1.0,75.0,52,60
1.0,84.0,54,66
1.0,88.0,48,54
1.0,83.0,54,64
1.0,89.0,50,52
1.0,77.0,50,64
1.0,91.0,52,60
1.0,92.0,50,56
1.0,99.0,50,66
1.0,85.0,50,58
1.0,83.0,50,66
1.0,93.0,50,62
1.0,75.0,52,66
1.0,92.0,50,68
1.0,79.0,50,58
1.0,62.0,48,54
1.0,88.0,52,64
1.0,81.0,48,62
1.0,79.0,50,74
1.0,83.0,50,68
1.0,77.0,52,60
1.0,80.0,50,64
1.0,83.0,50,68
1.0,76.0,48,66
1.0,85.0,54,62
1.0,88.0,54,60
1.0,76.0,50,56
1.0,86.0,48,56
1.0,79.0,50,58
1.0,90.0,50,70
1.0,73.0,52,62
1.0,88.0,48,56
1.0,81.0,58,58
1.0,89.0,50,76
1.0,81.0,50,56
1.0,81.0,50,60
1.0,81.0,48,64
1.0,79.0,50,56
1.0,74.0,54,60
1.0,82.0,52,52
1.0,84.0,54,72
1.0,70.0,50,70
1.0,78.0,52,64
1.0,84.0,54,60
1.0,81.0,50,68
1.0,81.0,48,66
1.0,79.0,50,60
1.0,78.0,54,66
1.0,87.0,50,66
1.0,77.0,52,66
1.0,80.0,50,56
1.0,76.0,52,62
1.0,89.0,56,64
1.0,76.0,48,56
1.0,83.0,50,62
1.0,84.0,54,58
1.0,88.0,50,66
1.0,82.0,50,66
1.0,85.0,48,58
1.0,87.0,50,64
1.0,77.0,54,68
1.0,92.0,50,64
1.0,73.0,62,72
1.0,92.0,54,80
1.0,93.0,48,64
1.0,83.0,50,64
1.0,76.0,48,58
1.0,79.0,48,62
1.0,81.0,50,64
1.0,84.0,48,58
1.0,85.0,48,58
1.0,83.0,50,60
1.0,76.0,52,70
1.0,91.0,52,64
1.0,75.0,50,62
1.0,84.0,50,74
1.0,81.0,48,66
1.0,82.0,54,58
1.0,80.0,50,60
1.0,85.0,50,70
1.0,86.0,54,70
1.0,88.0,54,66
1.0,94.0,48,56
1.0,81.0,50,60
1.0,81.0,52,70
1.0,91.0,50,64
1.0,87.0,50,70
1.0,87.0,48,56
1.0,77.0,50,74
1.0,82.0,48,60
1.0,78.0,48,58
1.0,77.0,48,58
1.0,74.0,50,66
1.0,94.0,48,62
1.0,86.0,50,68
1.0,80.0,50,68
1.0,76.0,50,68
1.0,77.0,56,66
1.0,82.0,48,50
1.0,82.0,52,70
1.0,84.0,50,60
1.0,96.0,54,64
1.0,83.0,48,62
1.0,79.0,48,60
1.0,89.0,50,68
1.0,77.0,52,64
1.0,82.0,48,60
1.0,90.0,50,66
1.0,80.0,50,60
1.0,82.0,50,62
1.0,79.0,52,58
1.0,92.0,50,72
1.0,75.0,52,56
1.0,83.0,50,56
1.0,93.0,48,60
1.0,81.0,52,72
1.0,69.0,48,52
1.0,88.0,48,66
1.0,88.0,54,60
1.0,88.0,54,74
1.0,83.0,48,66
1.0,87.0,50,68
1.0,83.0,50,62
1.0,85.0,52,56
1.0,80.0,50,60
1.0,83.0,50,56
1.0,80.0,54,60
1.0,80.0,52,60
1.0,87.0,50,66
1.0,88.0,50,62
1.0,89.0,54,58
1.0,79.0,48,58
1.0,79.0,52,64
1.0,91.0,48,54
1.0,76.0,48,56
1.0,82.0,50,68
1.0,74.0,50,62
1.0,82.0,54,70
1.0,86.0,52,60
1.0,82.0,52,74
1.0,85.0,50,60
1.0,83.0,56,58
1.0,84.0,48,52
1.0,76.0,48,72
1.0,73.0,50,68
1.0,92.0,52,66
1.0,93.0,52,56
1.0,89.0,52,64
1.0,80.0,50,56
1.0,74.0,50,74
1.0,89.0,50,68
1.0,82.0,52,68
1.0,68.0,52,62
1.0,74.0,50,62
1.0,87.0,48,60
1.0,79.0,48,60
1.0,86.0,50,62
1.0,73.0,48,58
1.0,70.0,50,62
1.0,74.0,48,62
1.0,83.0,50,66
1.0,81.0,52,62
1.0,90.0,52,54
1.0,87.0,50,64
1.0,89.0,52,58
1.0,92.0,48,64
1.0,86.0,52,66
1.0,84.0,56,72
1.0,83.0,54,64
1.0,85.0,52,64
1.0,74.0,52,72
1.0,88.0,52,78
1.0,82.0,50,64
1.0,78.0,48,56
1.0,76.0,54,58
1.0,81.0,48,64
1.0,81.0,50,74
1.0,91.0,52,58
1.0,95.0,48,66
1.0,90.0,54,66
1.0,85.0,48,64
1.0,75.0,54,62
1.0,85.0,50,70
1.0,75.0,50,58
1.0,86.0,48,60
1.0,86.0,48,56
1.0,85.0,48,62
1.0,77.0,52,68
1.0,79.0,50,66
1.0,78.0,50,60
1.0,79.0,56,68
1.0,71.0,50,60
1.0,73.0,50,54
1.0,78.0,50,64
1.0,86.0,52,60
1.0,81.0,48,72
1.0,83.0,50,64
1.0,78.0,48,62
1.0,81.0,54,66
1.0,73.0,50,62
1.0,87.0,52,66
1.0,88.0,52,66
1.0,77.0,52,76
1.0,86.0,50,62
1.0,90.0,48,62
1.0,84.0,50,66
1.0,84.0,48,70
1.0,79.0,50,70
1.0,94.0,50,72
1.0,72.0,50,52
1.0,88.0,48,64
1.0,82.0,50,60
1.0,89.0,52,58
1.0,74.0,50,62
1.0,89.0,50,62
1.0,81.0,52,68
1.0,87.0,48,58
1.0,80.0,50,60
1.0,92.0,54,64
1.0,76.0,54,62
1.0,88.0,48,70
1.0,85.0,50,58
1.0,83.0,52,66
1.0,81.0,48,72
1.0,96.0,54,56
1.0,90.0,50,72
1.0,87.0,50,72
1.0,83.0,50,58
1.0,81.0,48,60
1.0,91.0,50,70
1.0,92.0,48,68
1.0,87.0,50,60
1.0,72.0,52,60
1.0,87.0,54,64
1.0,83.0,50,66
1.0,84.0,48,68
1.0,83.0,50,60
1.0,74.0,48,50
1.0,82.0,50,66
1.0,91.0,48,54
1.0,78.0,48,52
1.0,75.0,48,60
1.0,78.0,50,56
1.0,87.0,50,54
1.0,81.0,48,56
1.0,86.0,50,62
1.0,94.0,48,54
1.0,83.0,52,74
1.0,88.0,48,60
1.0,85.0,52,68
1.0,80.0,50,60
1.0,89.0,48,60
1.0,88.0,48,54
1.0,93.0,52,64
1.0,90.0,52,60
1.0,85.0,52,56
1.0,91.0,50,70
1.0,79.0,52,60
1.0,93.0,50,68
1.0,77.0,48,56
1.0,79.0,52,62
1.0,85.0,50,56
1.0,92.0,52,68
1.0,84.0,52,62
1.0,83.0,48,58
1.0,73.0,50,56
1.0,87.0,50,60
1.0,87.0,48,60
1.0,93.0,50,66
1.0,82.0,50,66
1.0,79.0,48,66
1.0,88.0,50,62
1.0,92.0,52,70
1.0,75.0,50,54
1.0,89.0,54,62
1.0,86.0,50,58
1.0,76.0,50,72
1.0,70.0,54,64
1.0,85.0,52,70
1.0,73.0,50,64
1.0,78.0,48,64
1.0,86.0,48,62
1.0,85.0,50,62
1.0,86.0,48,64
1.0,79.0,52,56
1.0,85.0,48,58
1.0,89.0,48,62
1.0,75.0,52,62
1.0,81.0,48,56
1.0,82.0,52,58
1.0,82.0,52,56
1.0,73.0,48,62
1.0,78.0,50,70
1.0,84.0,48,52
1.0,92.0,52,68
1.0,79.0,52,66
1.0,75.0,50,54
1.0,86.0,48,56
1.0,74.0,50,62
1.0,97.0,48,68
1.0,85.0,50,58
1.0,76.0,48,58
1.0,88.0,50,70
1.0,83.0,48,52
1.0,76.0,52,68
1.0,74.0,52,74
1.0,81.0,50,66
1.0,89.0,50,76
1.0,84.0,48,72
1.0,82.0,50,70
1.0,80.0,48,68
1.0,83.0,54,64
1.0,86.0,50,68
1.0,80.0,48,58
1.0,78.0,50,70
1.0,79.0,50,58
1.0,92.0,52,66
1.0,84.0,48,58
1.0,92.0,48,82
1.0,89.0,54,68
1.0,82.0,50,60
1.0,88.0,52,68
1.0,84.0,50,62
1.0,86.0,50,64
1.0,75.0,56,74
1.0,80.0,52,58
1.0,85.0,52,64
1.0,85.0,50,70
1.0,85.0,48,60
1.0,92.0,48,64
1.0,92.0,50,60
1.0,93.0,48,74
1.0,89.0,50,56
1.0,95.0,50,70
1.0,84.0,54,74
1.0,80.0,50,62
1.0,91.0,54,66
1.0,88.0,50,74
1.0,72.0,54,72
1.0,82.0,48,58
1.0,77.0,50,64
1.0,84.0,52,60
1.0,74.0,52,56
1.0,92.0,48,62
1.0,83.0,50,54
1.0,90.0,52,70
1.0,84.0,48,64
1.0,90.0,48,58
1.0,77.0,54,76
1.0,79.0,52,58
1.0,81.0,48,66
1.0,82.0,48,60
1.0,73.0,50,64
1.0,81.0,48,62
1.0,82.0,48,72
1.0,79.0,48,62
1.0,86.0,48,64
1.0,81.0,54,64
1.0,87.0,50,58
1.0,86.0,48,60
1.0,90.0,50,60
1.0,90.0,50,58
1.0,81.0,48,62
1.0,70.0,50,62
1.0,72.0,52,60
1.0,82.0,50,64
1.0,76.0,54,60
1.0,82.0,48,60
1.0,83.0,52,58
1.0,83.0,54,62
1.0,86.0,48,66
1.0,80.0,48,60
1.0,85.0,52,64
1.0,81.0,52,62
1.0,88.0,48,60
1.0,93.0,50,72
1.0,86.0,50,66
1.0,89.0,52,60
1.0,85.0,48,58
1.0,93.0,50,62
1.0,80.0,50,70
1.0,81.0,58,64
1.0,82.0,52,62
1.0,73.0,50,68
1.0,80.0,54,66
1.0,79.0,52,64
1.0,78.0,54,68
1.0,90.0,48,58
1.0,89.0,48,56
1.0,80.0,50,64
1.0,84.0,52,64
1.0,83.0,50,68
1.0,85.0,56,66
1.0,80.0,48,64
1.0,80.0,50,54
1.0,85.0,48,62
1.0,79.0,50,64
1.0,80.0,48,62
1.0,73.0,50,68
1.0,79.0,50,56
1.0,81.0,50,64
1.0,77.0,50,62
1.0,79.0,52,56
1.0,90.0,48,66
1.0,77.0,50,68
1.0,74.0,50,62
1.0,76.0,52,62
2.0,87.5,92,110
2.0,87.0,80,106
2.0,89.0,90,116
2.0,74.5,86,106
2.0,94.0,96,124
2.0,79.5,78,90
2.0,88.0,86,104
2.0,81.0,94,120
2.0,83.5,90,106
2.0,87.0,84,106
2.0,69.5,80,92
2.0,85.5,88,102
2.0,80.0,84,102
2.0,85.0,80,94
2.0,86.0,102,118
2.0,86.5,80,106
2.0,81.0,94,118
2.0,88.5,88,106
2.0,85.0,78,98
2.0,74.5,78,86
2.0,86.5,102,114
2.0,87.5,82,100
2.0,85.0,90,112
2.0,81.5,88,104
2.0,79.5,90,118
2.0,81.0,88,122
2.0,83.5,84,104
2.0,86.5,94,118
2.0,79.5,96,108
2.0,75.5,80,94
2.0,81.0,86,110
2.0,83.0,96,108
2.0,87.5,84,96
2.0,80.0,86,112
2.0,86.5,78,94
2.0,84.0,98,118
2.0,83.5,84,100
2.0,87.5,92,116
2.0,88.0,88,104
2.0,79.0,80,92
2.0,82.0,90,100
2.0,81.0,94,112
2.0,82.5,92,108
2.0,83.0,100,128
2.0,81.5,86,104
2.0,86.5,102,122
2.0,86.5,88,102
2.0,82.5,82,96
2.0,88.5,82,100
2.0,86.5,92,116
2.0,83.5,98,112
2.0,82.0,90,102
2.0,83.5,84,98
2.0,76.5,82,94
2.0,82.0,88,108
2.0,87.5,82,98
2.0,91.0,88,100
2.0,81.0,78,100
2.0,77.5,92,108
2.0,88.0,86,98
2.0,82.5,84,98
2.0,82.0,94,106
2.0,85.5,90,118
2.0,73.5,98,106
2.0,89.0,88,102
2.0,81.0,84,98
2.0,81.5,94,104
2.0,84.5,90,98
2.0,84.0,86,106
2.0,83.0,90,112
2.0,79.0,96,106
2.0,78.5,94,102
2.0,80.5,94,110
2.0,82.5,90,96
2.0,83.5,86,106
2.0,82.5,80,108
2.0,82.5,94,106
2.0,83.0,94,104
2.0,85.0,86,102
2.0,82.0,84,102
2.0,84.0,92,112
2.0,76.0,86,96
2.0,79.0,98,110
2.0,78.5,92,108
2.0,78.5,88,104
2.0,80.0,76,90
2.0,76.0,80,102
2.0,87.0,86,98
2.0,81.5,88,102
2.0,84.0,86,110
2.0,86.0,92,106
2.0,76.0,98,122
2.0,87.0,90,110
2.0,89.0,82,106
2.0,78.5,92,116
2.0,86.5,100,118
2.0,81.5,80,86
2.0,87.5,88,102
2.0,76.0,80,98
2.0,85.5,90,116
2.0,86.0,76,96
2.0,76.0,72,96
2.0,84.5,88,108
2.0,91.0,86,104
2.0,80.5,98,112
2.0,76.5,96,112
2.0,75.5,78,98
2.0,85.5,92,118
2.0,81.5,88,116
2.0,82.0,90,102
2.0,89.0,96,122
2.0,88.5,70,90
2.0,87.0,88,108
2.0,79.5,86,96
2.0,85.0,86,104
2.0,81.0,88,110
2.0,81.0,90,114
2.0,85.5,86,104
2.0,82.0,98,114
2.0,80.5,82,92
2.0,90.5,82,120
2.0,83.0,74,84
2.0,71.5,82,96
2.0,80.0,76,78
2.0,86.0,90,114
2.0,83.0,80,96
2.0,88.5,88,96
2.0,85.5,86,116
2.0,81.5,88,106
2.0,84.0,90,116
2.0,77.5,92,110
2.0,82.5,78,92
2.0,83.5,82,112
2.0,80.0,88,102
2.0,75.0,76,100
2.0,81.0,86,114
2.0,86.5,92,110
2.0,82.5,74,90
2.0,79.5,84,94
2.0,78.5,78,92
2.0,74.5,92,110
2.0,76.0,90,112
2.0,80.0,84,96
2.0,78.5,86,106
2.0,89.0,94,116
2.0,79.5,88,106
2.0,86.5,88,106
2.0,83.5,94,118
2.0,89.0,90,114
2.0,81.5,84,100
2.0,87.0,90,106
2.0,80.5,96,124
2.0,82.5,90,104
2.0,76.0,86,108
2.0,81.0,98,124
2.0,89.0,88,108
2.0,82.5,92,110
2.0,82.0,94,124
2.0,79.0,86,104
2.0,89.0,100,130
2.0,76.0,90,110
2.0,88.0,80,100
2.0,84.0,82,100
2.0,83.5,90,106
2.0,80.5,88,98
2.0,76.0,80,104
2.0,84.0,90,114
2.0,90.0,90,102
2.0,78.5,80,98
2.0,76.5,92,110
2.0,86.0,90,110
2.0,80.5,86,106
2.0,79.5,92,118
2.0,84.0,88,94
2.0,87.5,78,98
2.0,85.0,94,108
2.0,83.5,86,104
2.0,76.5,92,108
2.0,85.0,90,114
2.0,82.5,94,102
2.0,89.0,92,112
2.0,81.5,92,106
2.0,84.0,84,98
2.0,93.0,76,108
2.0,80.5,82,104
2.0,79.0,96,106
2.0,82.5,86,96
2.0,85.5,86,106
2.0,80.5,96,126
2.0,83.0,86,100
2.0,78.0,84,104
2.0,80.0,90,108
2.0,78.0,104,124
2.0,84.0,84,106
2.0,80.5,86,92
2.0,86.0,92,122
2.0,81.5,84,110
2.0,85.0,84,108
2.0,82.0,98,112
2.0,84.5,92,116
2.0,79.0,92,116
2.0,80.0,88,106
2.0,86.0,90,98
2.0,88.0,86,104
2.0,90.5,88,106
2.0,80.5,86,98
2.0,83.5,92,102
2.0,83.0,88,102
2.0,75.0,92,108
2.0,78.0,88,106
2.0,81.0,94,114
2.0,82.0,94,118
2.0,80.5,88,114
2.0,77.5,88,102
2.0,83.0,90,108
2.0,83.0,88,118
2.0,84.0,90,114
2.0,78.0,88,104
2.0,82.5,94,108
2.0,85.0,88,104
2.0,77.5,84,98
2.0,82.5,82,92
2.0,80.0,84,98
2.0,81.0,92,110
2.0,81.5,96,116
2.0,82.0,84,104
2.0,92.5,76,82
2.0,78.5,88,102
2.0,93.0,92,116
2.0,85.5,108,124
2.0,82.5,76,106
2.0,84.0,84,104
2.0,82.5,78,102
2.0,88.0,86,108
2.0,80.0,98,110
2.0,87.5,86,106
2.0,88.0,102,120
2.0,88.5,82,98
2.0,83.0,96,112
2.0,77.0,80,98
2.0,86.5,88,116
2.0,85.5,98,106
2.0,83.5,90,108
2.0,82.0,92,106
2.0,79.0,84,100
2.0,82.0,76,90
2.0,87.0,100,116
2.0,82.5,90,114
2.0,84.0,94,114
2.0,81.0,80,92
2.0,82.5,86,104
2.0,82.0,88,116
2.0,85.0,82,98
2.0,79.5,90,104
2.0,82.5,82,94
2.0,80.5,96,102
2.0,85.0,98,116
2.0,80.0,88,114
2.0,82.5,66,74
2.0,83.0,96,122
2.0,85.5,88,118
2.0,82.0,88,110
2.0,80.5,88,100
2.0,82.5,86,102
2.0,86.5,94,106
2.0,81.5,80,104
2.0,75.5,88,114
2.0,89.5,84,108
2.0,86.0,82,96
2.0,76.0,96,122
2.0,85.5,88,108
2.0,85.0,88,106
2.0,85.0,86,100
2.0,80.0,92,106
2.0,86.0,80,100
2.0,84.5,88,112
2.0,81.0,78,98
2.0,86.5,84,102
2.0,93.0,82,102
2.0,83.5,92,104
2.0,74.5,82,102
2.0,72.0,76,90
2.0,84.5,90,98
2.0,80.5,86,100
2.0,73.5,76,88
2.0,86.5,80,96
2.0,82.5,88,104
2.0,73.0,84,100
2.0,85.5,76,84
2.0,87.0,76,96
2.0,87.5,88,110
2.0,86.0,94,120
2.0,85.5,78,98
2.0,79.5,88,110
2.0,81.0,78,100
2.0,87.0,82,112
2.0,84.0,74,90
2.0,76.0,84,106
2.0,95.5,86,108
2.0,82.0,92,100
2.0,80.0,90,112
2.0,93.5,92,108
2.0,83.5,90,114
2.0,82.5,86,108
2.0,84.0,88,110
2.0,72.5,92,106
2.0,76.0,88,112
2.0,91.0,86,96
2.0,77.0,88,94
2.0,84.5,90,112
2.0,80.5,100,124
2.0,90.0,92,118
2.0,85.5,90,104
2.0,81.0,84,100
2.0,76.5,82,96
2.0,82.5,90,98
2.0,85.0,88,108
2.0,82.5,90,112
2.0,81.0,82,100
2.0,84.5,92,114
2.0,80.5,86,108
2.0,86.5,90,102
2.0,81.5,98,112
2.0,75.5,78,90
2.0,84.0,90,122
2.0,80.5,90,102
2.0,83.5,90,108
2.0,77.0,78,86
2.0,80.5,92,106
2.0,80.0,98,120
2.0,80.5,88,116
2.0,91.5,78,96
2.0,86.5,80,102
2.0,83.0,92,108
2.0,81.0,98,116
2.0,89.5,86,102
2.0,83.5,94,116
2.0,86.0,90,104
2.0,78.5,74,94
2.0,90.5,90,104
2.0,84.5,86,114
2.0,84.5,80,94
2.0,86.0,90,122
2.0,75.0,84,98
2.0,79.5,86,98
2.0,79.0,96,132
2.0,84.5,86,104
2.0,87.5,88,106
2.0,78.5,88,102
2.0,74.5,100,122
2.0,83.0,92,114
2.0,81.5,86,96
2.0,87.0,90,104
2.0,83.5,84,100
2.0,87.0,80,94
2.0,76.0,96,102
2.0,84.5,90,104
2.0,84.0,94,110
2.0,88.0,96,116
2.0,75.0,98,124
2.0,89.0,86,112
2.0,78.0,84,110
2.0,79.0,92,114
2.0,79.5,80,96
2.0,84.5,98,118
2.0,75.5,78,84
2.0,79.5,90,108
2.0,75.5,84,96
2.0,87.5,92,106
2.0,80.0,90,110
2.0,88.0,90,106
2.0,82.0,96,112
2.0,87.5,90,104
2.0,89.5,88,110
2.0,80.0,90,104
2.0,80.5,98,120
2.0,84.0,98,116
2.0,87.0,92,104
2.0,92.5,74,90
2.0,82.5,90,104
2.0,87.5,88,104
2.0,86.0,96,120
2.0,75.0,86,106
2.0,86.0,94,116
2.0,78.0,80,102
2.0,87.0,94,116
2.0,83.5,78,108
2.0,76.0,84,96
2.0,76.5,86,100
2.0,82.5,94,120
2.0,76.5,84,104
2.0,86.0,94,116
2.0,77.0,96,116
2.0,76.0,86,112
2.0,81.0,90,104
2.0,90.5,94,120
2.0,78.5,82,102
2.0,82.0,92,118
2.0,81.0,98,106
2.0,82.5,82,92
2.0,86.5,96,126
2.0,81.5,96,108
2.0,80.5,102,120
2.0,78.5,88,102
2.0,78.0,88,104
2.0,76.0,94,108
2.0,81.5,92,104
2.0,82.5,90,106
2.0,92.0,84,106
2.0,79.5,80,100
2.0,82.5,78,96
2.0,88.5,90,112
2.0,83.0,86,102
2.0,85.0,84,116
2.0,84.5,100,120
2.0,83.0,86,102
2.0,85.5,86,98
2.0,81.5,92,104
2.0,92.5,94,116
2.0,91.5,94,108
2.0,79.5,90,108
2.0,85.0,92,120
2.0,83.0,86,100
2.0,84.0,92,122
2.0,81.5,86,104
2.0,82.5,82,108
2.0,84.5,76,92
2.0,71.5,92,106
2.0,86.0,82,100
2.0,87.0,92,116
2.0,79.0,84,90
2.0,76.5,80,98
2.0,82.5,86,100
2.0,80.5,84,102
2.0,84.0,88,104
2.0,85.0,90,106
2.0,85.0,102,122
2.0,86.5,104,112
2.0,87.0,86,112
2.0,90.0,88,104
2.0,85.0,92,104
2.0,79.5,94,116
2.0,89.0,88,102
2.0,87.5,92,110
2.0,86.5,74,88
2.0,86.5,88,110
2.0,83.0,84,104
2.0,82.5,90,110
2.0,78.0,94,118
2.0,84.5,102,128
2.0,73.5,88,130
2.0,84.5,82,92
2.0,77.0,94,110
2.0,79.5,78,98
2.0,84.0,82,88
2.0,84.5,92,112
2.0,82.0,92,108
2.0,83.0,88,104
2.0,85.5,84,98
2.0,86.5,88,108
2.0,84.0,90,116
2.0,85.0,94,104
2.0,75.5,88,118
2.0,89.5,92,104
2.0,80.0,86,108
2.0,88.0,84,110
2.0,87.0,90,112
2.0,82.0,78,96
2.0,79.0,94,114
2.0,87.5,84,92
2.0,82.5,80,94
2.0,75.5,88,102
2.0,80.0,88,98
2.0,85.5,88,104
2.0,77.0,88,104
2.0,88.5,68,72
2.0,81.0,94,110
2.0,82.0,88,102
2.0,79.0,86,104
2.0,80.5,82,106
2.0,71.5,86,106
2.0,83.5,74,94
2.0,87.0,86,100
2.0,82.5,90,110
2.0,79.0,86,102
2.0,84.5,98,124
2.0,77.0,92,96
2.0,78.5,84,98
2.0,73.5,84,96
2.0,86.5,90,106
2.0,79.0,88,110
2.0,86.0,76,88
2.0,75.0,82,104
2.0,84.0,94,112
2.0,83.0,90,96
2.0,91.0,86,102
2.0,86.5,86,104
2.0,76.0,92,108
2.0,71.5,90,106
2.0,81.5,76,98
2.0,77.5,94,112
2.0,85.0,74,94
2.0,85.0,90,104
2.0,85.0,94,102
2.0,83.0,82,92
2.0,83.0,88,116
2.0,80.0,84,104
2.0,86.0,92,124
2.0,81.0,72,76
2.0,88.0,82,104
2.0,79.5,76,96
2.0,86.5,94,120
2.0,83.0,94,104
2.0,91.0,80,96
2.0,86.0,82,106
2.0,88.0,84,110
2.0,83.5,84,100
2.0,91.0,96,112
2.0,81.0,86,102
2.0,84.0,82,104
2.0,87.5,86,104
2.0,75.5,92,108
2.0,83.0,80,98
2.0,85.0,84,96
2.0,80.0,94,112
2.0,80.0,94,110
2.0,86.0,86,100
2.0,83.5,86,104
2.0,89.0,94,110
2.0,86.0,94,112
2.0,84.0,94,108
2.0,78.0,88,100
2.0,77.5,90,120
2.0,81.5,94,110
2.0,92.5,94,112
2.0,88.5,98,120
2.0,82.5,96,116
2.0,84.0,92,92
2.0,83.0,88,116
2.0,86.5,86,122
2.0,82.5,92,104
2.0,83.0,86,102
2.0,86.0,86,110
2.0,81.5,92,102
2.0,87.0,78,88
2.0,81.0,92,112
2.0,88.5,82,98
2.0,92.5,90,114
2.0,76.5,90,108
2.0,81.0,92,124
2.0,91.5,80,100
2.0,83.5,90,114
2.0,81.0,98,108
2.0,81.0,90,110
2.0,80.0,86,108
2.0,80.5,90,102
2.0,89.0,88,104
2.0,88.5,96,116
2.0,84.5,88,104
2.0,88.0,94,106
2.0,78.5,86,100
2.0,86.0,92,104
2.0,83.5,94,110
2.0,86.5,98,114
2.0,83.5,90,112
2.0,86.5,102,122
2.0,81.0,84,104
2.0,81.5,86,100
2.0,81.0,78,90
2.0,82.0,102,128
2.0,77.0,90,106
2.0,88.0,82,90
2.0,85.5,76,96
2.0,73.0,88,110
2.0,76.5,98,126
2.0,89.5,90,110
2.0,86.5,80,98
2.0,84.5,100,116
2.0,83.5,80,106
2.0,85.0,86,100
2.0,81.0,98,128
2.0,83.5,78,78
2.0,77.5,86,108
2.0,83.5,78,92
2.0,80.5,88,104
2.0,83.5,82,96
2.0,89.0,70,86
2.0,78.5,94,116
2.0,80.5,86,96
2.0,83.5,90,108
2.0,86.5,94,118
2.0,87.5,88,110
2.0,83.5,94,120
2.0,80.0,90,112
2.0,87.0,86,108
2.0,80.5,104,116
2.0,90.0,78,94
2.0,82.5,94,112
2.0,81.0,90,112
2.0,81.0,84,90
2.0,87.0,96,120
2.0,80.5,96,120
2.0,83.5,90,102
2.0,87.5,84,114
2.0,80.5,92,110
2.0,90.5,90,110
2.0,83.5,92,128
2.0,82.0,76,96
2.0,82.5,98,116
2.0,83.5,82,100
2.0,85.5,86,104
2.0,75.5,82,94
2.0,79.0,100,118
2.0,86.5,90,94
2.0,77.5,94,102
2.0,82.5,96,114
2.0,78.5,88,108
2.0,81.0,88,100
2.0,89.5,96,112
2.0,83.5,78,102
2.0,82.5,98,122
2.0,83.5,92,100
2.0,83.5,86,108
2.0,76.5,82,98
2.0,82.0,92,100
2.0,79.5,86,100
2.0,78.0,90,98
2.0,87.5,78,86
2.0,80.0,100,124
2.0,84.5,90,114
2.0,84.0,92,122
2.0,80.0,98,112
2.0,80.0,96,110
2.0,83.5,94,114
2.0,84.0,90,104
2.0,87.5,80,104
2.0,80.0,96,110
2.0,80.0,90,106
2.0,79.5,90,102
2.0,85.5,98,118
2.0,84.0,84,98
2.0,80.0,82,92
2.0,85.5,90,118
2.0,80.0,90,98
2.0,82.5,74,84
2.0,76.0,94,118
2.0,82.0,82,108
2.0,91.0,88,104
2.0,78.5,90,112
2.0,86.5,92,106
2.0,85.0,96,110
2.0,93.5,92,116
2.0,83.0,88,96
2.0,85.5,106,118
2.0,81.5,90,112
2.0,91.5,94,114
2.0,84.5,84,112
2.0,82.5,82,100
2.0,79.5,98,104
2.0,83.0,88,104
2.0,85.0,90,98
2.0,78.5,78,104
2.0,78.0,82,90
2.0,78.5,86,112
2.0,80.5,92,112
2.0,87.0,94,116
2.0,81.0,80,96
2.0,80.0,90,106
2.0,83.0,102,118
2.0,90.5,88,112
2.0,83.0,96,110
2.0,80.5,90,106
2.0,83.0,84,104
2.0,88.0,84,110
2.0,84.0,88,104
2.0,83.0,96,106
2.0,86.0,84,102
2.0,84.5,86,108
2.0,89.5,74,90
2.0,82.5,92,106
2.0,82.5,82,104
2.0,80.0,86,106
2.0,85.5,94,110
2.0,80.5,86,100
2.0,84.0,78,106
2.0,82.5,94,114
2.0,92.0,84,106
2.0,78.5,92,114
2.0,73.5,82,94
2.0,79.5,86,114
2.0,80.5,84,98
2.0,80.5,94,116
2.0,82.0,86,114
2.0,85.5,84,96
2.0,86.5,84,90
2.0,80.5,102,118
2.0,77.5,90,110
2.0,79.5,88,104
2.0,79.5,96,116
2.0,83.5,96,118
2.0,85.0,102,116
2.0,92.0,90,104
2.0,83.0,88,98
2.0,87.0,88,102
2.0,89.0,76,92
2.0,78.5,90,106
2.0,91.0,82,100
2.0,84.0,90,116
2.0,82.5,90,112
2.0,82.5,86,106
2.0,79.5,82,102
2.0,82.0,104,118
2.0,81.0,96,120
2.0,88.0,82,108
2.0,81.0,80,96
2.0,83.0,68,86
2.0,82.0,100,120
2.0,80.0,90,102
2.0,87.0,94,106
2.0,80.5,94,106
2.0,84.5,100,122
2.0,86.0,94,106
2.0,79.0,92,114
2.0,86.0,80,98
2.0,82.5,100,118
2.0,81.5,82,92
2.0,87.5,98,106
2.0,86.5,98,118
2.0,73.5,88,104
2.0,90.0,86,94
2.0,80.5,90,116
2.0,80.5,94,116
2.0,81.0,92,106
2.0,87.5,96,120
2.0,83.0,92,106
2.0,87.5,84,98
2.0,87.5,86,104
2.0,81.0,88,112
2.0,85.0,96,110
2.0,90.0,76,84
2.0,76.5,90,106
2.0,85.5,94,104
2.0,87.0,96,112
2.0,81.0,100,124
2.0,81.0,90,104
2.0,85.0,88,106
2.0,81.0,82,96
2.0,80.0,86,104
2.0,83.5,80,94
2.0,76.0,92,120
2.0,75.5,94,110
2.0,90.0,80,92
2.0,73.0,98,126
2.0,78.0,92,104
2.0,88.0,88,110
2.0,83.5,88,102
2.0,80.5,80,94
2.0,78.0,94,110
2.0,79.5,92,114
2.0,87.5,86,112
2.0,72.5,78,90
2.0,83.0,88,108
2.0,82.5,102,120
2.0,90.0,70,86
2.0,80.5,94,120
2.0,84.0,88,94
2.0,82.5,92,108
2.0,82.0,82,96
2.0,83.0,76,86
2.0,90.0,78,86
2.0,76.0,102,114
2.0,89.0,88,104
2.0,85.5,86,102
2.0,86.5,86,102
2.0,82.5,92,102
2.0,78.5,102,116
2.0,83.0,84,92
2.0,77.5,102,110
2.0,84.5,86,100
2.0,83.0,94,116
2.0,84.5,92,110
2.0,77.0,82,100
2.0,82.0,96,106
2.0,83.5,90,114
2.0,78.5,92,108
2.0,84.5,86,98
2.0,86.0,90,108
2.0,88.0,92,106
2.0,79.5,92,114
2.0,82.5,90,104
2.0,90.5,94,116
2.0,81.5,90,110
2.0,87.5,96,104
2.0,87.0,98,114
2.0,79.0,88,108
2.0,78.0,94,106
2.0,83.5,86,112
2.0,78.5,96,112
2.0,92.0,86,102
2.0,76.5,86,106
2.0,80.5,84,94
2.0,79.5,84,94
2.0,81.0,94,116
2.0,81.0,100,104
2.0,79.0,88,108
2.0,80.0,84,104
2.0,84.0,90,108
2.0,86.0,94,122
2.0,83.0,86,100
2.0,81.0,88,114
2.0,82.0,90,110
2.0,89.5,88,104
2.0,81.5,80,94
2.0,83.5,98,122
2.0,81.5,96,122
2.0,86.0,94,120
2.0,86.0,80,104
2.0,83.0,88,110
2.0,83.5,90,110
2.0,78.0,92,94
2.0,81.5,88,102
2.0,80.5,88,96
2.0,85.5,98,120
2.0,78.0,92,104
2.0,88.5,88,106
2.0,76.5,82,94
2.0,88.0,94,112
2.0,83.0,90,102
2.0,91.0,88,114
2.0,83.5,76,88
2.0,85.0,90,104
2.0,87.5,94,110
2.0,81.0,92,108
2.0,78.0,80,88
2.0,83.5,102,118
2.0,92.5,92,106
2.0,80.0,90,108
2.0,80.5,90,102
2.0,85.0,94,110
2.0,79.5,98,102
2.0,85.5,76,104
2.0,86.0,94,120
2.0,79.0,90,108
2.0,76.5,86,94
2.0,86.5,84,116
2.0,90.0,82,100
2.0,84.5,86,106
2.0,79.5,92,110
2.0,83.5,98,122
2.0,81.0,82,98
2.0,78.5,88,94
2.0,80.5,88,96
2.0,82.5,84,96
2.0,82.0,90,106
2.0,85.5,84,98
2.0,86.0,86,100
2.0,78.0,92,100
2.0,84.5,92,116
2.0,90.0,92,110
2.0,76.0,84,104
2.0,85.5,94,108
2.0,87.0,90,110
2.0,84.0,84,96
2.0,89.0,86,102
2.0,82.0,90,100
2.0,86.0,96,122
2.0,83.0,102,112
2.0,81.0,80,94
2.0,78.5,84,106
2.0,75.5,92,102
2.0,87.5,74,88
2.0,81.5,92,108
2.0,83.0,84,108
2.0,81.0,94,104
2.0,84.5,98,112
2.0,88.0,84,100
2.0,88.5,82,106
2.0,84.5,86,92
2.0,88.5,86,104
2.0,87.5,92,100
2.0,82.5,92,110
2.0,81.5,92,106
2.0,82.0,86,108
2.0,80.5,96,108
2.0,94.0,88,108
2.0,84.5,78,96
2.0,82.0,94,110
2.0,84.0,86,104
2.0,86.0,74,96
2.0,81.0,94,110
2.0,77.5,94,116
2.0,83.5,86,108
2.0,86.0,80,100
2.0,82.0,86,110
2.0,83.5,92,108
2.0,72.5,78,90
2.0,85.5,90,108
2.0,85.0,100,112
2.0,85.0,82,98
2.0,81.5,88,114
2.0,81.5,70,84
2.0,76.0,94,118
2.0,87.0,82,112
2.0,80.0,88,100
2.0,81.5,94,110
2.0,82.0,96,118
2.0,80.5,94,108
2.0,83.5,94,112
2.0,73.5,88,112
2.0,83.0,96,116
2.0,85.5,80,94
2.0,74.0,84,92
2.0,78.5,86,104
2.0,84.5,96,116
2.0,84.5,86,94
2.0,88.5,92,102
2.0,84.0,82,108
2.0,76.5,86,104
2.0,83.0,90,106
2.0,78.5,92,110
2.0,85.0,96,118
2.0,84.5,88,114
2.0,74.0,82,100
2.0,79.5,80,92
2.0,79.0,102,132
2.0,87.0,98,120
2.0,85.5,76,90
2.0,85.0,82,100
2.0,81.0,90,106
2.0,83.5,88,108
2.0,85.0,84,102
2.0,87.5,88,106
2.0,85.5,94,114
2.0,88.5,98,114
2.0,87.0,84,100
2.0,88.5,94,104
2.0,87.0,82,104
2.0,83.0,84,108
2.0,79.0,84,106
2.0,84.5,94,110
2.0,77.0,90,110
2.0,83.0,92,112
2.0,81.5,82,92
2.0,87.0,96,112
2.0,81.5,74,90
2.0,82.0,96,110
2.0,77.5,98,118
2.0,74.5,90,108
2.0,72.5,76,90
2.0,90.5,90,118
2.0,87.0,92,120
2.0,84.5,74,96
2.0,77.0,92,102
2.0,87.5,86,100
2.0,92.5,90,108
2.0,81.5,78,104
2.0,86.5,96,118
2.0,79.0,84,88
2.0,85.5,80,94
2.0,79.0,90,106
2.0,86.5,96,108
2.0,77.5,92,98
2.0,77.5,88,92
2.0,79.5,74,86
2.0,77.0,88,102
2.0,76.5,96,112
2.0,75.5,88,106
2.0,75.0,78,96
2.0,82.0,86,92
2.0,91.5,90,106
2.0,90.0,92,106
2.0,84.0,82,94
2.0,85.0,82,102
2.0,79.5,90,106
2.0,85.0,92,114
2.0,88.0,98,114
2.0,80.5,92,100
2.0,82.0,96,116
2.0,88.0,90,122
2.0,80.0,94,106
2.0,80.0,100,120
2.0,88.0,90,116
2.0,84.5,90,108
2.0,83.0,90,108
2.0,77.0,96,116
2.0,75.0,74,106
2.0,85.0,84,102
2.0,82.0,88,110
2.0,84.5,84,100
2.0,82.5,92,110
2.0,83.0,96,110
2.0,75.5,84,98
2.0,82.5,82,102
2.0,83.0,84,102
2.0,83.0,90,116
2.0,89.0,88,102
2.0,83.0,86,104
2.0,86.0,88,104
2.0,80.5,92,116
2.0,77.5,92,110
3.0,82.00000000000001,116,140
3.0,86.0,128,140
3.0,83.0,120,146
3.0,83.33333333333336,114,130
3.0,82.66666666666667,126,148
3.0,73.99999999999999,122,140
3.0,76.0,130,150
3.0,78.33333333333333,104,134
3.0,84.99999999999999,118,136
3.0,80.33333333333333,114,138
3.0,82.33333333333331,112,132
3.0,82.0,112,132
3.0,86.33333333333334,126,148
3.0,85.66666666666667,120,156
3.0,77.00000000000001,102,126
3.0,81.66666666666666,114,134
3.0,84.66666666666667,112,126
3.0,85.66666666666667,120,148
3.0,82.99999999999999,138,160
3.0,88.66666666666666,116,132
3.0,88.66666666666664,120,138
3.0,77.66666666666666,118,134
3.0,83.66666666666667,104,132
3.0,79.66666666666666,118,134
3.0,87.3333333333333,114,132
3.0,84.0,122,144
3.0,85.33333333333333,128,138
3.0,84.00000000000001,124,138
3.0,77.33333333333334,122,148
3.0,82.66666666666666,124,146
3.0,84.0,108,134
3.0,86.99999999999999,114,132
3.0,91.0,116,132
3.0,85.99999999999999,110,140
3.0,93.00000000000001,120,144
3.0,80.66666666666669,116,132
3.0,82.33333333333334,124,142
3.0,77.0,108,130
3.0,85.66666666666666,122,144
3.0,80.33333333333334,120,152
3.0,83.0,122,144
3.0,81.66666666666667,114,138
3.0,87.33333333333334,118,138
3.0,82.66666666666666,132,160
3.0,80.66666666666666,114,136
3.0,79.0,124,138
3.0,83.33333333333331,132,154
3.0,84.99999999999999,124,140
3.0,85.33333333333333,130,158
3.0,87.33333333333334,114,130
3.0,80.0,108,136
3.0,85.00000000000001,118,146
3.0,79.66666666666667,116,144
3.0,82.66666666666666,116,138
3.0,85.66666666666667,104,126
3.0,82.0,104,136
3.0,84.0,120,142
3.0,89.33333333333336,116,142
3.0,79.66666666666667,140,174
3.0,83.66666666666666,98,120
3.0,85.0,110,126
3.0,82.00000000000001,120,156
3.0,88.33333333333336,110,126
3.0,76.33333333333333,112,126
3.0,77.99999999999999,112,138
3.0,88.99999999999999,112,136
3.0,85.33333333333333,116,140
3.0,82.33333333333333,140,158
3.0,76.33333333333333,120,134
3.0,80.00000000000001,116,146
3.0,78.66666666666667,122,160
3.0,78.33333333333333,108,130
3.0,79.33333333333333,128,146
3.0,82.0,98,118
3.0,84.66666666666666,124,142
3.0,87.66666666666667,114,136
3.0,83.66666666666666,122,138
3.0,85.33333333333334,132,154
3.0,86.33333333333333,118,146
3.0,81.66666666666666,102,124
3.0,79.0,110,130
3.0,94.00000000000001,118,148
3.0,81.66666666666667,108,126
3.0,78.0,114,134
3.0,82.33333333333334,114,134
3.0,79.33333333333334,128,142
3.0,90.0,124,146
3.0,84.66666666666667,108,130
3.0,81.00000000000001,96,114
3.0,82.33333333333333,110,132
3.0,83.33333333333331,126,146
3.0,78.66666666666667,124,154
3.0,81.33333333333331,108,134
3.0,87.0,118,140
3.0,77.66666666666666,118,142
3.0,78.0,118,140
3.0,87.33333333333334,112,134
3.0,80.33333333333334,126,148
3.0,85.66666666666664,134,162
3.0,80.66666666666666,126,164
3.0,85.0,126,154
3.0,86.66666666666666,136,152
3.0,85.66666666666666,118,142
3.0,79.66666666666666,112,132
3.0,82.33333333333334,98,110
3.0,86.33333333333334,116,134
3.0,83.33333333333333,126,154
3.0,80.0,112,142
3.0,82.66666666666667,116,136
3.0,82.0,114,136
3.0,85.00000000000001,106,126
3.0,82.99999999999999,116,140
3.0,83.33333333333333,104,124
3.0,86.33333333333333,118,128
3.0,76.33333333333334,120,142
3.0,83.33333333333333,116,140
3.0,81.66666666666667,110,128
3.0,80.66666666666667,120,144
3.0,83.66666666666666,120,144
3.0,85.33333333333334,108,130
3.0,82.33333333333331,100,118
3.0,86.0,122,138
3.0,86.66666666666667,118,130
3.0,84.66666666666664,106,134
3.0,76.33333333333333,124,142
3.0,87.0,122,142
3.0,86.66666666666666,106,126
3.0,82.33333333333334,138,152
3.0,92.00000000000001,110,132
3.0,83.33333333333334,126,142
3.0,82.33333333333336,98,120
3.0,84.0,114,132
3.0,79.66666666666666,118,144
3.0,80.66666666666666,122,140
3.0,86.66666666666666,128,150
3.0,88.33333333333333,116,130
3.0,85.0,118,134
3.0,88.0,110,124
3.0,84.66666666666667,120,136
3.0,80.0,116,150
3.0,82.33333333333334,136,150
3.0,81.0,120,148
3.0,83.33333333333333,126,142
3.0,82.99999999999999,104,138
3.0,86.0,112,128
3.0,82.33333333333333,132,156
3.0,80.0,110,128
3.0,80.99999999999999,128,144
3.0,77.66666666666666,128,150
3.0,86.33333333333333,138,164
3.0,77.66666666666667,128,144
3.0,86.66666666666666,120,142
3.0,81.33333333333334,120,136
3.0,84.00000000000001,124,148
3.0,81.66666666666667,120,146
3.0,83.66666666666666,114,138
3.0,82.33333333333333,114,124
3.0,80.66666666666667,106,126
3.0,82.33333333333333,118,148
3.0,80.33333333333334,116,130
3.0,88.99999999999997,114,138
3.0,82.33333333333334,126,150
3.0,80.66666666666666,120,150
3.0,85.0,110,130
3.0,87.66666666666666,118,138
3.0,86.00000000000001,114,132
3.0,81.33333333333333,106,122
3.0,82.33333333333334,134,156
3.0,85.33333333333331,118,146
3.0,83.66666666666666,108,132
3.0,84.33333333333333,116,146
3.0,78.66666666666666,108,114
3.0,84.33333333333334,98,114
3.0,85.33333333333333,112,130
3.0,80.66666666666666,118,140
3.0,85.0,110,142
3.0,84.99999999999999,108,144
3.0,83.66666666666666,122,156
3.0,79.0,126,154
3.0,83.0,114,134
3.0,77.0,130,152
3.0,79.66666666666666,102,122
3.0,83.66666666666669,120,138
3.0,82.33333333333334,116,146
3.0,84.99999999999999,136,164
3.0,80.0,132,144
3.0,82.0,124,142
3.0,78.66666666666667,110,130
3.0,87.66666666666667,112,134
3.0,81.66666666666667,108,128
3.0,80.66666666666669,100,114
3.0,80.0,128,154
3.0,84.33333333333331,122,146
3.0,86.00000000000001,112,138
3.0,83.33333333333334,132,150
3.0,83.66666666666669,118,148
3.0,84.33333333333333,118,132
3.0,85.0,124,146
3.0,82.66666666666669,116,132
3.0,79.33333333333334,124,140
3.0,87.99999999999999,104,120
3.0,81.0,128,152
3.0,84.66666666666669,124,148
3.0,78.66666666666667,118,128
3.0,80.33333333333333,132,144
3.0,89.33333333333334,136,152
3.0,88.0,116,144
3.0,83.33333333333333,112,136
3.0,79.66666666666667,116,132
3.0,80.0,120,134
3.0,85.0,112,136
3.0,84.33333333333333,104,120
3.0,84.66666666666666,124,146
3.0,82.0,104,134
3.0,82.00000000000001,112,136
3.0,86.33333333333334,108,126
3.0,84.0,120,148
3.0,84.33333333333333,120,146
3.0,88.00000000000001,132,148
3.0,87.33333333333333,126,136
3.0,78.33333333333334,112,136
3.0,79.99999999999999,110,128
3.0,81.66666666666666,126,148
3.0,78.33333333333331,120,136
3.0,81.99999999999999,112,132
3.0,78.0,110,144
3.0,82.33333333333334,124,150
3.0,87.0,108,122
3.0,77.0,128,138
3.0,85.66666666666667,114,138
3.0,80.33333333333334,118,138
3.0,79.33333333333333,132,156
3.0,79.33333333333334,120,152
3.0,90.99999999999999,128,166
3.0,81.00000000000001,130,160
3.0,84.33333333333334,118,134
3.0,83.66666666666666,122,152
3.0,78.33333333333334,132,156
3.0,83.00000000000001,116,142
3.0,85.0,108,130
3.0,85.66666666666666,92,110
3.0,78.99999999999999,116,142
3.0,80.33333333333333,112,146
3.0,76.33333333333333,134,150
3.0,82.33333333333333,106,130
3.0,84.66666666666667,104,134
3.0,82.0,134,152
3.0,79.33333333333333,122,154
3.0,85.0,124,136
3.0,80.33333333333333,120,138
3.0,89.33333333333333,130,142
3.0,83.33333333333333,110,124
3.0,87.0,108,124
3.0,79.0,106,118
3.0,81.00000000000001,126,156
3.0,78.66666666666666,114,134
3.0,79.33333333333334,122,142
3.0,76.33333333333334,122,140
3.0,85.0,126,146
3.0,79.66666666666666,116,154
3.0,82.66666666666667,120,146
3.0,83.66666666666666,122,140
3.0,87.33333333333331,122,148
3.0,82.66666666666667,118,132
3.0,83.66666666666664,116,144
3.0,81.99999999999999,110,132
3.0,82.33333333333334,104,122
3.0,83.33333333333333,120,148
3.0,79.33333333333334,120,140
3.0,86.66666666666666,118,134
3.0,85.0,116,132
3.0,86.66666666666666,116,142
3.0,83.33333333333334,136,164
3.0,76.33333333333333,102,122
3.0,85.33333333333334,130,154
3.0,87.0,112,138
3.0,75.0,114,128
3.0,81.33333333333334,138,150
3.0,82.00000000000001,124,140
3.0,79.66666666666667,122,138
3.0,81.33333333333333,120,140
3.0,84.66666666666667,106,134
3.0,81.00000000000001,122,144
3.0,84.99999999999999,128,154
3.0,84.0,122,146
3.0,74.66666666666666,126,142
3.0,84.33333333333333,108,136
3.0,80.33333333333334,106,126
3.0,84.66666666666667,116,134
3.0,88.00000000000001,122,138
3.0,79.66666666666666,114,138
3.0,83.33333333333333,116,136
3.0,89.33333333333334,130,154
3.0,83.33333333333333,126,160
3.0,87.66666666666666,122,142
3.0,82.66666666666666,122,144
3.0,85.66666666666667,116,128
3.0,80.00000000000001,114,128
3.0,88.0,120,144
3.0,81.99999999999999,126,144
3.0,82.66666666666667,108,126
3.0,80.66666666666667,120,142
3.0,85.00000000000001,122,146
3.0,86.0,130,152
3.0,79.0,122,140
3.0,77.66666666666666,140,158
3.0,80.00000000000001,120,132
3.0,84.00000000000001,126,148
3.0,82.0,118,146
3.0,84.66666666666666,104,128
3.0,78.33333333333333,128,138
3.0,81.33333333333334,122,146
3.0,88.0,116,128
3.0,78.0,114,140
3.0,75.33333333333333,128,156
3.0,90.66666666666664,126,160
3.0,83.00000000000001,124,146
3.0,77.66666666666667,130,160
3.0,78.99999999999997,120,144
3.0,83.99999999999997,106,132
3.0,83.66666666666666,126,136
3.0,81.33333333333333,124,148
3.0,89.00000000000001,120,146
3.0,83.66666666666667,120,132
3.0,82.33333333333333,100,120
3.0,77.33333333333333,108,126
3.0,81.66666666666664,140,160
3.0,84.66666666666667,104,154
3.0,88.0,110,136
3.0,82.99999999999997,130,148
3.0,82.33333333333333,124,160
3.0,81.99999999999999,122,134
3.0,85.00000000000001,114,134
3.0,79.33333333333331,126,136
3.0,85.66666666666667,108,140
3.0,88.66666666666667,118,156
3.0,82.66666666666667,118,144
3.0,82.0,134,150
3.0,84.33333333333333,120,142
3.0,82.33333333333334,120,144
3.0,83.99999999999999,114,140
3.0,82.00000000000003,132,144
3.0,82.33333333333334,108,134
3.0,85.66666666666669,120,134
3.0,83.33333333333333,128,158
3.0,83.66666666666667,110,134
3.0,81.33333333333333,128,152
3.0,82.66666666666666,118,136
3.0,70.66666666666664,114,124
3.0,87.00000000000001,104,124
3.0,82.33333333333334,122,136
3.0,86.66666666666667,106,126
3.0,87.33333333333334,126,146
3.0,83.00000000000001,120,146
3.0,86.33333333333334,116,140
3.0,84.00000000000001,108,140
3.0,84.33333333333333,110,130
3.0,72.33333333333333,118,154
3.0,81.0,124,142
3.0,89.33333333333333,120,134
3.0,81.0,110,128
3.0,79.33333333333333,110,140
3.0,83.33333333333333,138,160
3.0,83.66666666666666,106,148
3.0,78.66666666666667,128,150
3.0,82.00000000000001,120,140
3.0,78.66666666666667,120,144
3.0,84.33333333333333,126,144
3.0,80.99999999999999,130,148
3.0,77.66666666666669,138,158
3.0,87.66666666666666,118,142
3.0,82.00000000000001,126,152
3.0,83.66666666666667,114,136
3.0,79.33333333333333,110,124
3.0,87.33333333333334,116,134
3.0,88.66666666666666,140,170
3.0,85.33333333333333,124,150
3.0,88.33333333333333,108,128
3.0,76.0,122,138
3.0,86.66666666666666,132,140
3.0,82.66666666666667,112,132
3.0,82.0,116,132
3.0,80.0,122,154
3.0,84.66666666666667,106,134
3.0,83.33333333333334,102,126
3.0,78.99999999999999,96,120
3.0,80.33333333333333,108,126
3.0,83.66666666666666,112,130
3.0,84.66666666666666,112,136
3.0,80.66666666666667,124,142
3.0,88.33333333333334,120,150
3.0,84.00000000000001,132,152
3.0,85.0,122,154
3.0,84.66666666666666,128,152
3.0,78.33333333333334,108,128
3.0,89.66666666666666,110,128
3.0,81.33333333333334,114,146
3.0,79.33333333333333,120,146
3.0,84.66666666666667,128,150
3.0,83.33333333333333,124,140
3.0,80.33333333333333,122,140
3.0,89.0,118,138
3.0,79.33333333333333,114,134
3.0,82.33333333333334,128,150
3.0,83.33333333333333,126,144
3.0,92.33333333333333,120,140
3.0,86.00000000000003,110,134
3.0,82.33333333333334,124,140
3.0,80.00000000000003,126,146
3.0,84.33333333333333,126,142
3.0,78.33333333333331,106,128
3.0,74.99999999999999,126,138
3.0,82.66666666666667,128,138
3.0,78.99999999999999,118,144
3.0,84.66666666666667,118,148
3.0,89.66666666666669,126,150
3.0,77.66666666666666,112,136
3.0,81.0,106,128
3.0,86.99999999999999,116,136
3.0,85.99999999999999,124,146
3.0,74.0,108,126
3.0,83.0,120,142
3.0,87.00000000000001,126,148
3.0,85.66666666666667,114,140
3.0,81.0,120,128
3.0,79.0,132,146
3.0,84.0,122,138
3.0,79.33333333333333,112,150
3.0,87.33333333333333,108,132
3.0,79.0,128,150
3.0,78.0,112,136
3.0,86.33333333333333,118,142
3.0,80.66666666666666,118,132
3.0,90.99999999999999,118,142
3.0,86.99999999999997,110,128
3.0,81.33333333333333,122,140
3.0,78.66666666666667,106,128
3.0,86.66666666666666,100,124
3.0,81.0,106,132
3.0,77.66666666666666,114,134
3.0,80.66666666666666,118,136
3.0,84.0,126,150
3.0,83.0,102,114
3.0,78.33333333333333,104,128
3.0,80.66666666666666,106,116
3.0,79.0,110,140
3.0,83.33333333333334,124,146
3.0,77.0,122,138
3.0,78.66666666666667,118,140
3.0,83.33333333333333,126,148
3.0,84.66666666666667,132,144
3.0,83.33333333333331,124,140
3.0,76.33333333333334,114,146
3.0,81.66666666666667,128,156
3.0,80.99999999999999,118,148
3.0,85.66666666666666,114,138
3.0,82.99999999999999,128,152
3.0,83.0,110,130
3.0,81.66666666666666,118,140
3.0,80.66666666666666,118,132
3.0,85.33333333333336,116,128
3.0,86.66666666666667,110,134
3.0,85.66666666666669,108,134
3.0,78.66666666666669,118,140
3.0,86.66666666666667,124,148
3.0,84.33333333333333,124,142
3.0,72.66666666666666,110,128
3.0,90.33333333333334,126,158
3.0,83.33333333333331,114,138
3.0,82.33333333333334,114,142
3.0,83.66666666666666,114,130
3.0,87.66666666666667,116,130
3.0,89.33333333333334,130,150
3.0,85.33333333333334,116,146
3.0,88.0,120,138
3.0,80.99999999999999,114,132
3.0,81.0,118,138
3.0,81.33333333333334,124,148
3.0,80.0,106,132
3.0,79.66666666666667,122,146
3.0,81.99999999999999,132,142
3.0,82.66666666666666,102,128
3.0,80.66666666666667,118,140
3.0,80.00000000000001,110,140
3.0,83.66666666666669,130,146
3.0,78.0,126,132
3.0,83.33333333333333,118,138
3.0,92.0,118,138
3.0,87.0,120,144
3.0,85.66666666666666,118,132
3.0,85.99999999999999,120,134
3.0,83.33333333333333,108,132
3.0,82.66666666666667,128,148
3.0,84.66666666666667,110,130
3.0,82.66666666666666,124,144
3.0,80.66666666666669,124,142
3.0,86.33333333333331,126,142
3.0,81.66666666666664,128,138
3.0,87.0,136,156
3.0,84.66666666666669,124,152
3.0,83.66666666666669,124,132
3.0,76.33333333333333,112,142
3.0,85.66666666666667,116,138
3.0,83.0,124,146
3.0,80.99999999999999,100,132
3.0,85.0,120,136
3.0,81.66666666666666,104,122
3.0,86.0,122,142
3.0,86.33333333333334,130,154
3.0,84.33333333333333,114,134
3.0,81.33333333333333,126,150
3.0,82.33333333333334,124,148
3.0,86.33333333333333,114,136
3.0,84.33333333333333,116,132
3.0,76.66666666666669,130,146
3.0,90.66666666666666,114,140
3.0,81.66666666666664,118,138
3.0,83.66666666666669,100,114
3.0,84.66666666666666,130,148
3.0,82.33333333333333,112,138
3.0,80.66666666666666,124,138
3.0,83.66666666666667,116,144
3.0,79.66666666666666,110,126
3.0,84.33333333333333,110,120
3.0,81.99999999999999,118,142
3.0,82.66666666666666,122,148
3.0,78.66666666666669,122,140
3.0,82.0,104,116
3.0,78.33333333333333,124,146
3.0,89.66666666666666,122,148
3.0,85.33333333333331,112,136
3.0,89.0,122,134
3.0,86.33333333333334,118,138
3.0,81.66666666666666,132,160
3.0,80.0,128,146
3.0,89.33333333333333,114,128
3.0,82.00000000000001,118,130
3.0,80.66666666666666,108,130
3.0,85.66666666666667,104,124
3.0,79.66666666666666,104,122
3.0,76.66666666666666,122,142
3.0,82.33333333333334,114,126
3.0,82.00000000000003,112,134
3.0,78.0,124,136
3.0,76.66666666666666,112,118
3.0,78.33333333333333,104,122
3.0,84.33333333333333,108,122
3.0,81.66666666666667,122,146
3.0,86.99999999999999,110,136
3.0,82.33333333333334,122,146
3.0,89.66666666666667,114,138
3.0,84.0,132,144
3.0,83.00000000000001,116,142
3.0,78.33333333333334,122,144
3.0,86.00000000000001,122,142
3.0,84.66666666666667,114,142
3.0,83.66666666666666,120,140
3.0,82.66666666666667,124,138
3.0,84.66666666666666,132,158
3.0,81.33333333333333,88,114
3.0,86.33333333333331,124,152
3.0,85.33333333333333,122,138
3.0,81.66666666666667,112,136
3.0,79.66666666666667,96,126
3.0,82.33333333333333,130,148
3.0,80.33333333333333,110,136
3.0,86.66666666666667,132,148
3.0,79.66666666666667,114,130
3.0,85.99999999999999,122,146
3.0,84.33333333333333,128,162
3.0,86.33333333333334,114,152
3.0,91.33333333333333,100,120
3.0,78.66666666666666,108,122
3.0,84.66666666666667,120,138
3.0,87.00000000000001,112,130
3.0,80.66666666666667,116,138
3.0,85.66666666666666,108,116
3.0,84.33333333333333,126,144
3.0,86.33333333333334,110,140
3.0,86.33333333333336,120,140
3.0,80.0,116,132
3.0,83.0,122,138
3.0,83.33333333333331,114,140
3.0,80.66666666666666,130,152
3.0,82.33333333333333,114,134
3.0,82.99999999999999,130,150
3.0,90.33333333333334,122,142
3.0,82.66666666666667,114,138
3.0,81.66666666666667,132,152
3.0,84.0,120,144
3.0,79.33333333333333,108,116
3.0,87.66666666666666,110,144
3.0,83.0,112,130
3.0,80.0,110,132
3.0,79.0,118,134
3.0,86.66666666666667,112,124
3.0,80.66666666666669,102,128
3.0,77.66666666666664,108,122
3.0,85.33333333333334,128,154
3.0,83.00000000000001,112,124
3.0,83.0,120,146
3.0,84.66666666666667,118,142
3.0,76.99999999999999,116,138
3.0,86.33333333333334,122,136
3.0,83.33333333333333,124,142
3.0,84.33333333333334,106,128
3.0,86.66666666666669,116,144
3.0,79.66666666666667,110,136
3.0,88.33333333333333,124,148
3.0,79.0,128,148
3.0,83.66666666666664,120,154
3.0,78.33333333333333,112,124
3.0,80.33333333333333,108,136
3.0,77.33333333333333,124,146
3.0,76.66666666666667,130,154
3.0,74.33333333333333,120,142
3.0,78.99999999999999,120,138
3.0,84.33333333333333,122,144
3.0,85.00000000000001,136,164
3.0,84.33333333333333,106,124
3.0,76.0,118,156
3.0,89.33333333333333,128,146
3.0,83.99999999999999,116,136
3.0,88.0,114,138
3.0,84.66666666666666,116,140
3.0,79.99999999999999,124,140
3.0,78.0,116,138
3.0,82.33333333333333,138,158
3.0,87.33333333333334,110,118
3.0,81.33333333333333,120,150
3.0,85.66666666666667,126,144
3.0,78.99999999999999,108,126
3.0,84.0,104,124
3.0,84.66666666666667,114,146
3.0,81.99999999999999,130,142
3.0,85.99999999999999,120,136
3.0,79.66666666666666,122,146
3.0,80.66666666666667,118,138
3.0,82.66666666666664,134,162
3.0,82.66666666666667,124,146
3.0,79.66666666666666,120,136
3.0,83.66666666666669,108,124
3.0,83.33333333333334,114,134
3.0,86.66666666666666,118,142
3.0,85.0,126,160
3.0,87.0,118,154
3.0,85.0,102,112
3.0,84.66666666666667,104,116
3.0,85.00000000000001,112,126
3.0,85.33333333333334,132,160
3.0,83.33333333333331,128,154
3.0,77.00000000000001,102,118
3.0,83.66666666666669,126,140
3.0,87.33333333333331,122,136
3.0,84.0,116,136
3.0,88.33333333333331,108,136
3.0,83.00000000000001,114,134
3.0,84.0,114,150
3.0,77.66666666666669,102,116
3.0,81.66666666666667,118,132
3.0,79.0,132,158
3.0,85.99999999999999,122,146
3.0,81.99999999999999,114,138
3.0,81.33333333333333,120,136
3.0,85.66666666666669,122,152
3.0,80.00000000000001,108,136
3.0,83.66666666666667,112,142
3.0,85.66666666666667,118,136
3.0,80.33333333333333,108,124
3.0,84.0,122,138
3.0,82.66666666666666,116,138
3.0,81.99999999999999,114,134
3.0,85.66666666666669,102,120
3.0,90.99999999999999,128,156
3.0,82.99999999999999,112,128
3.0,83.00000000000001,122,148
3.0,86.66666666666667,114,128
3.0,78.33333333333333,120,152
3.0,84.00000000000001,138,156
3.0,86.66666666666667,114,128
3.0,81.66666666666667,116,132
3.0,76.0,116,132
3.0,84.66666666666667,114,138
3.0,74.66666666666667,100,126
3.0,84.00000000000001,110,122
3.0,79.66666666666667,118,134
3.0,80.33333333333333,112,128
3.0,77.0,120,138
3.0,80.0,112,126
3.0,84.33333333333334,118,138
3.0,85.33333333333333,110,124
3.0,81.66666666666667,110,138
3.0,79.66666666666669,120,150
3.0,82.33333333333334,122,144
3.0,87.66666666666664,120,146
3.0,89.66666666666667,118,148
3.0,85.33333333333334,126,150
3.0,83.00000000000001,126,146
3.0,85.66666666666667,122,148
3.0,76.66666666666667,128,154
3.0,80.33333333333334,112,124
3.0,84.66666666666667,114,142
3.0,84.99999999999999,122,140
3.0,83.33333333333334,122,148
3.0,82.66666666666667,116,132
3.0,82.99999999999999,110,128
3.0,82.66666666666667,118,146
3.0,82.0,114,144
3.0,77.33333333333336,114,144
3.0,86.66666666666667,116,136
3.0,82.00000000000001,120,146
3.0,80.66666666666667,112,136
3.0,83.0,116,140
3.0,78.33333333333334,108,136
3.0,82.00000000000001,120,134
3.0,81.33333333333333,126,140
3.0,77.33333333333334,112,130
3.0,79.66666666666666,118,142
3.0,82.66666666666667,122,146
3.0,82.66666666666666,116,132
3.0,84.33333333333334,134,156
3.0,84.33333333333334,102,124
3.0,82.0,100,124
3.0,81.33333333333334,116,132
3.0,80.33333333333334,122,146
3.0,85.33333333333333,116,134
3.0,82.99999999999999,108,120
3.0,81.33333333333334,112,124
3.0,83.33333333333334,112,128
3.0,84.66666666666666,120,148
3.0,85.0,114,128
3.0,78.66666666666667,126,152
3.0,83.0,136,152
3.0,86.66666666666666,122,150
3.0,79.66666666666666,132,144
3.0,88.33333333333334,116,140
3.0,92.0,128,152
3.0,77.66666666666666,112,134
3.0,82.0,120,152
3.0,81.00000000000001,122,142
3.0,83.99999999999999,126,140
3.0,78.33333333333334,126,142
3.0,82.33333333333334,126,150
3.0,88.0,112,128
3.0,80.66666666666666,126,142
3.0,85.33333333333334,106,122
3.0,82.0,102,134
3.0,83.0,108,132
3.0,82.66666666666667,120,148
3.0,83.66666666666667,116,136
3.0,89.0,122,152
3.0,78.33333333333334,124,138
3.0,89.99999999999999,116,134
3.0,83.33333333333334,110,124
3.0,80.33333333333333,104,116
3.0,80.66666666666666,116,136
3.0,81.0,112,132
3.0,82.99999999999999,124,146
3.0,75.99999999999999,116,132
3.0,82.0,118,130
3.0,83.0,128,144
3.0,81.66666666666667,112,124
3.0,84.66666666666669,112,132
3.0,86.99999999999997,130,168
3.0,79.00000000000001,126,148
3.0,83.00000000000001,130,144
3.0,75.0,122,140
3.0,84.33333333333333,114,136
3.0,86.66666666666667,122,144
3.0,82.33333333333334,122,140
3.0,81.00000000000001,118,134
3.0,78.00000000000001,106,124
3.0,81.99999999999999,110,130
3.0,79.33333333333333,124,150
3.0,83.33333333333333,124,138
3.0,82.33333333333334,114,132
3.0,84.33333333333333,128,152
3.0,87.00000000000003,126,138
3.0,80.66666666666667,118,138
3.0,84.66666666666667,110,132
3.0,82.33333333333334,110,132
3.0,79.33333333333334,118,136
3.0,81.33333333333334,112,124
3.0,80.99999999999999,112,130
3.0,80.33333333333334,110,142
3.0,80.66666666666667,120,144
3.0,84.00000000000001,120,134
3.0,87.66666666666666,114,144
3.0,78.33333333333333,112,128
3.0,80.66666666666666,118,142
3.0,82.66666666666669,120,146
3.0,80.33333333333334,128,152
3.0,92.33333333333333,116,142
3.0,80.66666666666667,108,128
3.0,83.66666666666666,116,130
3.0,85.99999999999999,122,132
3.0,82.66666666666666,122,140
3.0,83.66666666666667,120,136
3.0,81.66666666666667,120,142
3.0,80.0,134,150
3.0,77.33333333333333,122,144
3.0,77.33333333333334,128,162
3.0,79.66666666666666,124,144
3.0,81.66666666666667,102,128
3.0,82.0,124,150
3.0,81.00000000000001,116,134
3.0,80.66666666666666,130,148
3.0,88.6666666666667,116,150
3.0,83.66666666666667,112,138
3.0,82.66666666666666,106,128
3.0,80.0,120,132
3.0,82.33333333333333,134,172
3.0,89.33333333333333,120,134
3.0,79.0,116,142
3.0,85.66666666666667,116,136
3.0,84.66666666666669,124,140
3.0,75.00000000000001,108,124
3.0,78.33333333333331,114,136
3.0,82.33333333333331,128,148
3.0,84.66666666666667,130,148
3.0,84.66666666666667,120,140
3.0,91.99999999999999,116,132
3.0,80.99999999999999,120,138
3.0,82.66666666666667,122,136
3.0,77.0,120,142
3.0,83.0,104,134
3.0,89.33333333333333,134,154
3.0,80.0,102,118
3.0,86.66666666666667,102,116
3.0,83.33333333333336,106,126
3.0,82.33333333333334,106,124
3.0,84.33333333333333,114,134
3.0,81.66666666666667,124,146
3.0,88.0,114,138
3.0,78.33333333333334,114,138
3.0,78.99999999999999,106,136
3.0,82.0,122,138
3.0,85.0,118,142
3.0,85.33333333333333,112,130
3.0,85.66666666666666,106,136
3.0,78.33333333333334,124,136
3.0,88.0,126,148
3.0,82.33333333333331,110,128
3.0,85.0,108,128
3.0,83.66666666666667,108,126
3.0,81.0,118,148
3.0,87.33333333333334,110,138
3.0,78.66666666666666,110,126
3.0,83.33333333333334,122,140
3.0,81.66666666666667,104,124
3.0,82.33333333333333,104,126
3.0,76.0,122,148
3.0,84.00000000000001,126,146
3.0,81.0,116,134
3.0,84.33333333333333,108,146
3.0,79.66666666666667,110,144
3.0,79.66666666666666,116,134
3.0,79.66666666666667,114,130
3.0,83.33333333333334,120,132
3.0,83.0,130,146
3.0,84.33333333333334,122,146
3.0,78.33333333333334,136,152
3.0,83.33333333333334,108,130
3.0,81.99999999999999,128,154
3.0,85.33333333333333,120,142
3.0,83.99999999999999,122,140
3.0,82.66666666666667,114,144
3.0,78.66666666666666,118,140
3.0,83.33333333333333,132,150
3.0,90.99999999999999,112,118
3.0,85.33333333333333,114,134
3.0,77.0,124,146
3.0,81.33333333333334,130,148
3.0,86.0,110,130
3.0,84.66666666666667,128,162
3.0,80.66666666666669,134,158
3.0,87.33333333333334,122,150
3.0,83.66666666666667,126,128
3.0,79.33333333333333,116,130
3.0,84.33333333333334,110,124
3.0,81.66666666666666,116,132
3.0,79.0,124,142
3.0,79.33333333333333,124,138
3.0,83.66666666666666,122,140
3.0,83.0,106,126
3.0,78.33333333333333,116,134
3.0,77.0,128,146
3.0,78.33333333333333,120,130
3.0,85.99999999999999,110,130
3.0,83.0,112,132
3.0,83.33333333333331,112,128
3.0,83.33333333333333,122,142
3.0,81.0,122,148
3.0,88.66666666666664,106,128
3.0,83.66666666666667,120,138
3.0,86.66666666666667,112,130
3.0,83.0,132,152
3.0,85.66666666666667,124,140
3.0,90.33333333333334,132,156
3.0,88.0,112,128
3.0,76.33333333333333,110,128
3.0,87.66666666666666,122,150
3.0,86.33333333333336,108,130
3.0,85.33333333333333,118,146
3.0,80.66666666666666,124,152
3.0,81.66666666666666,116,134
3.0,80.99999999999997,128,154
3.0,89.33333333333333,106,122
3.0,84.66666666666667,104,120
3.0,74.66666666666666,126,138
3.0,87.00000000000001,128,146
3.0,83.0,114,136
3.0,79.66666666666666,126,148
3.0,82.66666666666667,110,130
3.0,83.66666666666666,128,152
3.0,84.66666666666667,118,144
3.0,80.33333333333333,122,146
3.0,83.66666666666667,124,134
3.0,88.0,100,114
3.0,85.33333333333333,130,156
3.0,80.0,108,118
3.0,77.00000000000001,118,144
3.0,79.00000000000001,120,144
3.0,88.33333333333336,114,132
3.0,78.66666666666667,132,150
3.0,82.66666666666666,128,146
3.0,84.66666666666667,118,130
3.0,85.33333333333331,132,156
3.0,84.66666666666669,134,146
3.0,88.00000000000001,128,142
3.0,83.00000000000001,112,138
3.0,81.00000000000001,112,138
3.0,81.66666666666667,118,138
3.0,81.66666666666667,116,134
3.0,83.99999999999999,116,138
3.0,86.0,124,150
3.0,87.00000000000001,128,148
3.0,82.99999999999999,110,138
3.0,89.00000000000001,114,134
3.0,86.33333333333333,120,138
3.0,83.33333333333333,102,112
3.0,78.66666666666669,122,148
3.0,85.33333333333334,114,138
3.0,77.0,120,134
3.0,84.33333333333334,114,136
3.0,80.33333333333334,108,130
3.0,89.66666666666669,120,154
3.0,83.00000000000001,100,112
3.0,81.33333333333333,110,146
3.0,85.33333333333331,124,148
3.0,80.33333333333334,122,152
3.0,85.66666666666666,106,126
3.0,85.33333333333333,104,124
3.0,82.66666666666667,116,160
3.0,90.66666666666666,118,138
3.0,80.66666666666667,132,148
3.0,82.33333333333334,114,140
3.0,84.00000000000001,122,144
3.0,81.0,118,132
3.0,78.33333333333331,120,142
3.0,87.66666666666667,116,144
3.0,75.66666666666666,114,130
3.0,82.33333333333334,102,124
3.0,83.33333333333333,122,140
3.0,81.33333333333334,108,126
3.0,84.33333333333334,128,140
3.0,75.33333333333333,110,120
3.0,79.33333333333334,118,138
3.0,80.66666666666666,118,134
3.0,81.66666666666667,106,130
3.0,81.0,120,140
3.0,84.33333333333333,120,136
3.0,80.33333333333334,128,134
3.0,86.0,116,138
3.0,80.0,110,130
3.0,72.66666666666667,124,142
3.0,83.33333333333331,128,152
3.0,91.66666666666666,122,152
3.0,75.66666666666664,124,142
3.0,82.66666666666666,136,158
3.0,88.33333333333333,122,144
3.0,86.00000000000001,118,144
3.0,79.66666666666666,112,136
3.0,79.66666666666666,126,144
3.0,78.66666666666669,130,152
3.0,78.66666666666666,124,154
3.0,83.33333333333334,118,140
3.0,86.00000000000001,122,146
3.0,88.33333333333333,106,122
3.0,82.66666666666666,130,150
3.0,83.0,118,162
3.0,76.66666666666667,114,136
3.0,82.33333333333334,112,128
3.0,82.33333333333334,128,148
3.0,83.33333333333333,112,132
3.0,80.33333333333334,118,142
3.0,81.99999999999999,132,156
3.0,86.99999999999999,118,140
3.0,79.66666666666666,110,138
3.0,86.66666666666667,116,140
